NAME	TITLE	SCORE	
URGCP	upregulator of cell proliferation [Source:HGNC Symbol;Acc:HGNC:30890]	3.4273925	
CXCL9	C-X-C motif chemokine ligand 9 [Source:HGNC Symbol;Acc:HGNC:7098]	2.8632407	
IFNG	interferon gamma [Source:HGNC Symbol;Acc:HGNC:5438]	2.5859885	
SEPTIN14	septin 14 [Source:HGNC Symbol;Acc:HGNC:33280]	2.4666953	
ITLN2	intelectin 2 [Source:HGNC Symbol;Acc:HGNC:20599]	2.3320024	
ALOX5	arachidonate 5-lipoxygenase [Source:HGNC Symbol;Acc:HGNC:435]	2.1926157	
CBLN3	cerebellin 3 precursor [Source:HGNC Symbol;Acc:HGNC:20146]	2.021127	
ACOT2	acyl-CoA thioesterase 2 [Source:HGNC Symbol;Acc:HGNC:18431]	1.9587395	
ACOT1	acyl-CoA thioesterase 1 [Source:HGNC Symbol;Acc:HGNC:33128]	1.9587395	
ACOT6	acyl-CoA thioesterase 6 [Source:HGNC Symbol;Acc:HGNC:33159]	1.9587395	
ACOT4	acyl-CoA thioesterase 4 [Source:HGNC Symbol;Acc:HGNC:19748]	1.9587395	
ST6GAL1	ST6 beta-galactoside alpha-2,6-sialyltransferase 1 [Source:HGNC Symbol;Acc:HGNC:10860]	1.8042344	
ANXA3	annexin A3 [Source:HGNC Symbol;Acc:HGNC:541]	1.5930656	
B2M	beta-2-microglobulin [Source:HGNC Symbol;Acc:HGNC:914]	1.5045048	
CDKN1A	cyclin dependent kinase inhibitor 1A [Source:HGNC Symbol;Acc:HGNC:1784]	1.4989783	
CTSS	cathepsin S [Source:HGNC Symbol;Acc:HGNC:2545]	1.4601356	
MYO7A	myosin VIIA [Source:HGNC Symbol;Acc:HGNC:7606]	1.4435201	
EHF	ETS homologous factor [Source:HGNC Symbol;Acc:HGNC:3246]	1.4355187	
IRF8	interferon regulatory factor 8 [Source:HGNC Symbol;Acc:HGNC:5358]	1.3637627	
ELF3	E74 like ETS transcription factor 3 [Source:HGNC Symbol;Acc:HGNC:3318]	1.3579649	
TPK1	thiamin pyrophosphokinase 1 [Source:HGNC Symbol;Acc:HGNC:17358]	1.3467155	
METTL21C	methyltransferase 21C, AARS1 lysine [Source:HGNC Symbol;Acc:HGNC:33717]	1.3355477	
NECTIN1	nectin cell adhesion molecule 1 [Source:HGNC Symbol;Acc:HGNC:9706]	1.3267608	
GLA	galactosidase alpha [Source:HGNC Symbol;Acc:HGNC:4296]	1.3256147	
PGS1	phosphatidylglycerophosphate synthase 1 [Source:HGNC Symbol;Acc:HGNC:30029]	1.320309	
NUSAP1	nucleolar and spindle associated protein 1 [Source:HGNC Symbol;Acc:HGNC:18538]	1.2725357	
CYP26A1	cytochrome P450 family 26 subfamily A member 1 [Source:HGNC Symbol;Acc:HGNC:2603]	1.2601818	
CDK18	cyclin dependent kinase 18 [Source:HGNC Symbol;Acc:HGNC:8751]	1.2494421	
SWAP70	switching B cell complex subunit SWAP70 [Source:HGNC Symbol;Acc:HGNC:17070]	1.2166557	
KPNA2	karyopherin subunit alpha 2 [Source:HGNC Symbol;Acc:HGNC:6395]	1.1947552	
OGFR	opioid growth factor receptor [Source:HGNC Symbol;Acc:HGNC:15768]	1.1732899	
PSTPIP2	proline-serine-threonine phosphatase interacting protein 2 [Source:HGNC Symbol;Acc:HGNC:9581]	1.1398225	
CENPF	centromere protein F [Source:HGNC Symbol;Acc:HGNC:1857]	1.131998	
PCSK9	proprotein convertase subtilisin/kexin type 9 [Source:HGNC Symbol;Acc:HGNC:20001]	1.1257405	
RTKN2	rhotekin 2 [Source:HGNC Symbol;Acc:HGNC:19364]	1.1220552	
H2BC1	H2B clustered histone 1 [Source:HGNC Symbol;Acc:HGNC:18730]	1.117283	
ARNTL2	aryl hydrocarbon receptor nuclear translocator like 2 [Source:HGNC Symbol;Acc:HGNC:18984]	1.099271	
LYZL1	lysozyme like 1 [Source:HGNC Symbol;Acc:HGNC:30502]	1.0754945	
LYZL2	lysozyme like 2 [Source:HGNC Symbol;Acc:HGNC:29613]	1.0754945	
PRC1	protein regulator of cytokinesis 1 [Source:HGNC Symbol;Acc:HGNC:9341]	1.0617326	
SAE1	SUMO1 activating enzyme subunit 1 [Source:HGNC Symbol;Acc:HGNC:30660]	1.0504193	
SFTPB	surfactant protein B [Source:HGNC Symbol;Acc:HGNC:10801]	1.0474952	
PSAPL1	prosaposin like 1 [Source:HGNC Symbol;Acc:HGNC:33131]	1.0474952	
PLP2	proteolipid protein 2 [Source:HGNC Symbol;Acc:HGNC:9087]	1.0363709	
PSMD10	proteasome 26S subunit, non-ATPase 10 [Source:HGNC Symbol;Acc:HGNC:9555]	1.0302464	
VDAC1	voltage dependent anion channel 1 [Source:HGNC Symbol;Acc:HGNC:12669]	0.9912518	
GBP6	guanylate binding protein family member 6 [Source:HGNC Symbol;Acc:HGNC:25395]	0.9884677	
PFKFB3	6-phosphofructo-2-kinase/fructose-2,6-biphosphatase 3 [Source:HGNC Symbol;Acc:HGNC:8874]	0.98618954	
FOXM1	forkhead box M1 [Source:HGNC Symbol;Acc:HGNC:3818]	0.97696126	
PLEKHB2	pleckstrin homology domain containing B2 [Source:HGNC Symbol;Acc:HGNC:19236]	0.97322816	
MIIP	migration and invasion inhibitory protein [Source:HGNC Symbol;Acc:HGNC:25715]	0.9728098	
SUSD4	sushi domain containing 4 [Source:HGNC Symbol;Acc:HGNC:25470]	0.95576274	
MPRIP	myosin phosphatase Rho interacting protein [Source:HGNC Symbol;Acc:HGNC:30321]	0.9541435	
CCNI2	cyclin I family member 2 [Source:HGNC Symbol;Acc:HGNC:33869]	0.94569296	
RECQL	RecQ like helicase [Source:HGNC Symbol;Acc:HGNC:9948]	0.94428974	
FABP7	fatty acid binding protein 7 [Source:HGNC Symbol;Acc:HGNC:3562]	0.9351959	
CRTAM	cytotoxic and regulatory T cell molecule [Source:HGNC Symbol;Acc:HGNC:24313]	0.93414634	
S1PR4	sphingosine-1-phosphate receptor 4 [Source:HGNC Symbol;Acc:HGNC:3170]	0.9325175	
GPX3	glutathione peroxidase 3 [Source:HGNC Symbol;Acc:HGNC:4555]	0.92787385	
GPX5	glutathione peroxidase 5 [Source:HGNC Symbol;Acc:HGNC:4557]	0.92787385	
CCNB1	cyclin B1 [Source:HGNC Symbol;Acc:HGNC:1579]	0.9246218	
C3AR1	complement C3a receptor 1 [Source:HGNC Symbol;Acc:HGNC:1319]	0.9240716	
DDX19A	DEAD-box helicase 19A [Source:HGNC Symbol;Acc:HGNC:25628]	0.91539884	
DDX19B	DEAD-box helicase 19B [Source:HGNC Symbol;Acc:HGNC:2742]	0.91539884	
KIF20A	kinesin family member 20A [Source:HGNC Symbol;Acc:HGNC:9787]	0.91488206	
CTSK	cathepsin K [Source:HGNC Symbol;Acc:HGNC:2536]	0.9144343	
NUF2	NUF2 component of NDC80 kinetochore complex [Source:HGNC Symbol;Acc:HGNC:14621]	0.90612453	
TROAP	trophinin associated protein [Source:HGNC Symbol;Acc:HGNC:12327]	0.8990967	
SLC22A8	solute carrier family 22 member 8 [Source:HGNC Symbol;Acc:HGNC:10972]	0.8965418	
BIRC5	baculoviral IAP repeat containing 5 [Source:HGNC Symbol;Acc:HGNC:593]	0.88400656	
CXCR5	C-X-C motif chemokine receptor 5 [Source:HGNC Symbol;Acc:HGNC:1060]	0.8814827	
ZBTB32	zinc finger and BTB domain containing 32 [Source:HGNC Symbol;Acc:HGNC:16763]	0.8803003	
RUSC1	RUN and SH3 domain containing 1 [Source:HGNC Symbol;Acc:HGNC:17153]	0.876023	
SNX10	sorting nexin 10 [Source:HGNC Symbol;Acc:HGNC:14974]	0.8731048	
MICAL1	microtubule associated monooxygenase, calponin and LIM domain containing 1 [Source:HGNC Symbol;Acc:HGNC:20619]	0.86836845	
NUCKS1	nuclear casein kinase and cyclin dependent kinase substrate 1 [Source:HGNC Symbol;Acc:HGNC:29923]	0.8624537	
ITGB7	integrin subunit beta 7 [Source:HGNC Symbol;Acc:HGNC:6162]	0.85905415	
WDR73	WD repeat domain 73 [Source:HGNC Symbol;Acc:HGNC:25928]	0.85879314	
MALT1	MALT1 paracaspase [Source:HGNC Symbol;Acc:HGNC:6819]	0.84455895	
CD4	CD4 molecule [Source:HGNC Symbol;Acc:HGNC:1678]	0.8429079	
CCDC70	coiled-coil domain containing 70 [Source:HGNC Symbol;Acc:HGNC:25303]	0.83702314	
CBY3	chibby family member 3 [Source:HGNC Symbol;Acc:HGNC:33278]	0.83702314	
CBY2	chibby family member 2 [Source:HGNC Symbol;Acc:HGNC:30720]	0.83702314	
CBY1	chibby family member 1, beta catenin antagonist [Source:HGNC Symbol;Acc:HGNC:1307]	0.83702314	
DTX3L	deltex E3 ubiquitin ligase 3L [Source:HGNC Symbol;Acc:HGNC:30323]	0.83235633	
MIS18BP1	MIS18 binding protein 1 [Source:HGNC Symbol;Acc:HGNC:20190]	0.8283267	
F2R	coagulation factor II thrombin receptor [Source:HGNC Symbol;Acc:HGNC:3537]	0.82746583	
NFIL3	nuclear factor, interleukin 3 regulated [Source:HGNC Symbol;Acc:HGNC:7787]	0.8264361	
MASTL	microtubule associated serine/threonine kinase like [Source:HGNC Symbol;Acc:HGNC:19042]	0.8152182	
FIBP	FGF1 intracellular binding protein [Source:HGNC Symbol;Acc:HGNC:3705]	0.8072704	
ACP6	acid phosphatase 6, lysophosphatidic [Source:HGNC Symbol;Acc:HGNC:29609]	0.8069576	
CDCA2	cell division cycle associated 2 [Source:HGNC Symbol;Acc:HGNC:14623]	0.8021649	
CD74	CD74 molecule [Source:HGNC Symbol;Acc:HGNC:1697]	0.80003995	
MNS1	meiosis specific nuclear structural 1 [Source:HGNC Symbol;Acc:HGNC:29636]	0.79970735	
STAT3	signal transducer and activator of transcription 3 [Source:HGNC Symbol;Acc:HGNC:11364]	0.7938577	
MYO10	myosin X [Source:HGNC Symbol;Acc:HGNC:7593]	0.78789794	
CDC25A	cell division cycle 25A [Source:HGNC Symbol;Acc:HGNC:1725]	0.7874175	
TMEM116	transmembrane protein 116 [Source:HGNC Symbol;Acc:HGNC:25084]	0.7870377	
STAP2	signal transducing adaptor family member 2 [Source:HGNC Symbol;Acc:HGNC:30430]	0.7839002	
HMMR	hyaluronan mediated motility receptor [Source:HGNC Symbol;Acc:HGNC:5012]	0.7837936	
CLOCK	clock circadian regulator [Source:HGNC Symbol;Acc:HGNC:2082]	0.7755253	
ERAP1	endoplasmic reticulum aminopeptidase 1 [Source:HGNC Symbol;Acc:HGNC:18173]	0.7747817	
RASA4B	RAS p21 protein activator 4B [Source:HGNC Symbol;Acc:HGNC:35202]	0.77368206	
RASA4	RAS p21 protein activator 4 [Source:HGNC Symbol;Acc:HGNC:23181]	0.77368206	
BIN1	bridging integrator 1 [Source:HGNC Symbol;Acc:HGNC:1052]	0.77146965	
TIMP2	TIMP metallopeptidase inhibitor 2 [Source:HGNC Symbol;Acc:HGNC:11821]	0.76884395	
TIPIN	TIMELESS interacting protein [Source:HGNC Symbol;Acc:HGNC:30750]	0.76873636	
ARHGAP19	Rho GTPase activating protein 19 [Source:HGNC Symbol;Acc:HGNC:23724]	0.7638451	
RILPL2	Rab interacting lysosomal protein like 2 [Source:HGNC Symbol;Acc:HGNC:28787]	0.7637962	
KIF20B	kinesin family member 20B [Source:HGNC Symbol;Acc:HGNC:7212]	0.76358485	
LBR	lamin B receptor [Source:HGNC Symbol;Acc:HGNC:6518]	0.7596307	
TACC3	transforming acidic coiled-coil containing protein 3 [Source:HGNC Symbol;Acc:HGNC:11524]	0.7538891	
RGS13	regulator of G protein signaling 13 [Source:HGNC Symbol;Acc:HGNC:9995]	0.75161785	
PSME2	proteasome activator subunit 2 [Source:HGNC Symbol;Acc:HGNC:9569]	0.74227166	
NSL1	NSL1 component of MIS12 kinetochore complex [Source:HGNC Symbol;Acc:HGNC:24548]	0.7417681	
G2E3	G2/M-phase specific E3 ubiquitin protein ligase [Source:HGNC Symbol;Acc:HGNC:20338]	0.7404347	
C1QA	complement C1q A chain [Source:HGNC Symbol;Acc:HGNC:1241]	0.7397865	
FUCA1	alpha-L-fucosidase 1 [Source:HGNC Symbol;Acc:HGNC:4006]	0.7376566	
TNIP2	TNFAIP3 interacting protein 2 [Source:HGNC Symbol;Acc:HGNC:19118]	0.7356582	
USB1	U6 snRNA biogenesis phosphodiesterase 1 [Source:HGNC Symbol;Acc:HGNC:25792]	0.73477256	
MDM1	Mdm1 nuclear protein [Source:HGNC Symbol;Acc:HGNC:29917]	0.7311904	
CINP	cyclin dependent kinase 2 interacting protein [Source:HGNC Symbol;Acc:HGNC:23789]	0.73112583	
HTRA3	HtrA serine peptidase 3 [Source:HGNC Symbol;Acc:HGNC:30406]	0.7232647	
KIFC1	kinesin family member C1 [Source:HGNC Symbol;Acc:HGNC:6389]	0.72011626	
ID3	inhibitor of DNA binding 3, HLH protein [Source:HGNC Symbol;Acc:HGNC:5362]	0.7186582	
NDUFA9	NADH:ubiquinone oxidoreductase subunit A9 [Source:HGNC Symbol;Acc:HGNC:7693]	0.71696544	
ARNTL	aryl hydrocarbon receptor nuclear translocator like [Source:HGNC Symbol;Acc:HGNC:701]	0.7167152	
NAPSA	napsin A aspartic peptidase [Source:HGNC Symbol;Acc:HGNC:13395]	0.71445376	
SCPEP1	serine carboxypeptidase 1 [Source:HGNC Symbol;Acc:HGNC:29507]	0.7084621	
ZFAND1	zinc finger AN1-type containing 1 [Source:HGNC Symbol;Acc:HGNC:25858]	0.7065834	
FAM83F	family with sequence similarity 83 member F [Source:HGNC Symbol;Acc:HGNC:25148]	0.6981143	
FAM83E	family with sequence similarity 83 member E [Source:HGNC Symbol;Acc:HGNC:25972]	0.6981143	
RNASEH2A	ribonuclease H2 subunit A [Source:HGNC Symbol;Acc:HGNC:18518]	0.6956097	
IMPDH1	inosine monophosphate dehydrogenase 1 [Source:HGNC Symbol;Acc:HGNC:6052]	0.6939982	
TUT1	terminal uridylyl transferase 1, U6 snRNA-specific [Source:HGNC Symbol;Acc:HGNC:26184]	0.6938962	
ASAH1	N-acylsphingosine amidohydrolase 1 [Source:HGNC Symbol;Acc:HGNC:735]	0.6934718	
FYB2	FYN binding protein 2 [Source:HGNC Symbol;Acc:HGNC:27295]	0.6858575	
NARF	nuclear prelamin A recognition factor [Source:HGNC Symbol;Acc:HGNC:29916]	0.6816069	
OIP5	Opa interacting protein 5 [Source:HGNC Symbol;Acc:HGNC:20300]	0.6812421	
PRKCH	protein kinase C eta [Source:HGNC Symbol;Acc:HGNC:9403]	0.6788342	
NFE2L1	NFE2 like bZIP transcription factor 1 [Source:HGNC Symbol;Acc:HGNC:7781]	0.67668504	
BUB1B	BUB1 mitotic checkpoint serine/threonine kinase B [Source:HGNC Symbol;Acc:HGNC:1149]	0.67564684	
AGER	advanced glycosylation end-product specific receptor [Source:HGNC Symbol;Acc:HGNC:320]	0.67552286	
LCP2	lymphocyte cytosolic protein 2 [Source:HGNC Symbol;Acc:HGNC:6529]	0.6731463	
TRAF4	TNF receptor associated factor 4 [Source:HGNC Symbol;Acc:HGNC:12034]	0.66904825	
TMPO	thymopoietin [Source:HGNC Symbol;Acc:HGNC:11875]	0.6686293	
CACYBP	calcyclin binding protein [Source:HGNC Symbol;Acc:HGNC:30423]	0.66457653	
PSTPIP1	proline-serine-threonine phosphatase interacting protein 1 [Source:HGNC Symbol;Acc:HGNC:9580]	0.66328526	
EGR3	early growth response 3 [Source:HGNC Symbol;Acc:HGNC:3240]	0.66194445	
DHH	desert hedgehog signaling molecule [Source:HGNC Symbol;Acc:HGNC:2865]	0.66009307	
P2RX3	purinergic receptor P2X 3 [Source:HGNC Symbol;Acc:HGNC:8534]	0.6595723	
IL2RB	interleukin 2 receptor subunit beta [Source:HGNC Symbol;Acc:HGNC:6009]	0.6465322	
PLCH1	phospholipase C eta 1 [Source:HGNC Symbol;Acc:HGNC:29185]	0.6389708	
IL2RG	interleukin 2 receptor subunit gamma [Source:HGNC Symbol;Acc:HGNC:6010]	0.6371165	
IL27RA	interleukin 27 receptor subunit alpha [Source:HGNC Symbol;Acc:HGNC:17290]	0.6371165	
IL3RA	interleukin 3 receptor subunit alpha [Source:HGNC Symbol;Acc:HGNC:6012]	0.6371165	
MCPH1	microcephalin 1 [Source:HGNC Symbol;Acc:HGNC:6954]	0.6342999	
NPC2	NPC intracellular cholesterol transporter 2 [Source:HGNC Symbol;Acc:HGNC:14537]	0.6319132	
IRF9	interferon regulatory factor 9 [Source:HGNC Symbol;Acc:HGNC:6131]	0.6316481	
REL	REL proto-oncogene, NF-kB subunit [Source:HGNC Symbol;Acc:HGNC:9954]	0.6286738	
TNFRSF8	TNF receptor superfamily member 8 [Source:HGNC Symbol;Acc:HGNC:11923]	0.62644625	
TNFRSF4	TNF receptor superfamily member 4 [Source:HGNC Symbol;Acc:HGNC:11918]	0.62644625	
TNFRSF11A	TNF receptor superfamily member 11a [Source:HGNC Symbol;Acc:HGNC:11908]	0.62644625	
TNFRSF14	TNF receptor superfamily member 14 [Source:HGNC Symbol;Acc:HGNC:11912]	0.62644625	
TNFRSF10C	TNF receptor superfamily member 10c [Source:HGNC Symbol;Acc:HGNC:11906]	0.62644625	
TNFRSF10B	TNF receptor superfamily member 10b [Source:HGNC Symbol;Acc:HGNC:11905]	0.62644625	
TNFRSF10A	TNF receptor superfamily member 10a [Source:HGNC Symbol;Acc:HGNC:11904]	0.62644625	
TNFRSF10D	TNF receptor superfamily member 10d [Source:HGNC Symbol;Acc:HGNC:11907]	0.62644625	
TNFRSF18	TNF receptor superfamily member 18 [Source:HGNC Symbol;Acc:HGNC:11914]	0.62644625	
TNFRSF1B	TNF receptor superfamily member 1B [Source:HGNC Symbol;Acc:HGNC:11917]	0.62644625	
TNFRSF25	TNF receptor superfamily member 25 [Source:HGNC Symbol;Acc:HGNC:11910]	0.62644625	
CD27	CD27 molecule [Source:HGNC Symbol;Acc:HGNC:11922]	0.62644625	
LTBR	lymphotoxin beta receptor [Source:HGNC Symbol;Acc:HGNC:6718]	0.62644625	
HLX	H2.0 like homeobox [Source:HGNC Symbol;Acc:HGNC:4978]	0.6255295	
ARFIP1	ADP ribosylation factor interacting protein 1 [Source:HGNC Symbol;Acc:HGNC:21496]	0.62306046	
TFDP1	transcription factor Dp-1 [Source:HGNC Symbol;Acc:HGNC:11749]	0.6229961	
SRGN	serglycin [Source:HGNC Symbol;Acc:HGNC:9361]	0.61994344	
CD82	CD82 molecule [Source:HGNC Symbol;Acc:HGNC:6210]	0.6198473	
GRAP	GRB2 related adaptor protein [Source:HGNC Symbol;Acc:HGNC:4562]	0.61913544	
GRAPL	GRB2 related adaptor protein like [Source:HGNC Symbol;Acc:HGNC:37240]	0.61913544	
GRAP2	GRB2 related adaptor protein 2 [Source:HGNC Symbol;Acc:HGNC:4563]	0.6190247	
ZNF143	zinc finger protein 143 [Source:HGNC Symbol;Acc:HGNC:12928]	0.6158587	
IFI44	interferon induced protein 44 [Source:HGNC Symbol;Acc:HGNC:16938]	0.6158051	
IFI44L	interferon induced protein 44 like [Source:HGNC Symbol;Acc:HGNC:17817]	0.6158051	
SOCS4	suppressor of cytokine signaling 4 [Source:HGNC Symbol;Acc:HGNC:19392]	0.61467844	
SOCS5	suppressor of cytokine signaling 5 [Source:HGNC Symbol;Acc:HGNC:16852]	0.61467844	
S100A16	S100 calcium binding protein A16 [Source:HGNC Symbol;Acc:HGNC:20441]	0.61131865	
PSMB4	proteasome 20S subunit beta 4 [Source:HGNC Symbol;Acc:HGNC:9541]	0.6112895	
VAV3	vav guanine nucleotide exchange factor 3 [Source:HGNC Symbol;Acc:HGNC:12659]	0.6021679	
IL10	interleukin 10 [Source:HGNC Symbol;Acc:HGNC:5962]	0.6018897	
NKPD1	NTPase KAP family P-loop domain containing 1 [Source:HGNC Symbol;Acc:HGNC:24739]	0.5970526	
NLRP10	NLR family pyrin domain containing 10 [Source:HGNC Symbol;Acc:HGNC:21464]	0.59173596	
SH3BP1	SH3 domain binding protein 1 [Source:HGNC Symbol;Acc:HGNC:10824]	0.5868253	
TTF1	transcription termination factor 1 [Source:HGNC Symbol;Acc:HGNC:12397]	0.5856673	
PROM2	prominin 2 [Source:HGNC Symbol;Acc:HGNC:20685]	0.5855052	
RAB30	RAB30, member RAS oncogene family [Source:HGNC Symbol;Acc:HGNC:9770]	0.5848221	
SENP3	SUMO specific peptidase 3 [Source:HGNC Symbol;Acc:HGNC:17862]	0.58333874	
NCF4	neutrophil cytosolic factor 4 [Source:HGNC Symbol;Acc:HGNC:7662]	0.5810507	
KLHDC9	kelch domain containing 9 [Source:HGNC Symbol;Acc:HGNC:28489]	0.5795626	
RARS1	arginyl-tRNA synthetase 1 [Source:HGNC Symbol;Acc:HGNC:9870]	0.5767554	
SERINC2	serine incorporator 2 [Source:HGNC Symbol;Acc:HGNC:23231]	0.57601124	
PAFAH1B3	platelet activating factor acetylhydrolase 1b catalytic subunit 3 [Source:HGNC Symbol;Acc:HGNC:8576]	0.5751382	
PSMC4	proteasome 26S subunit, ATPase 4 [Source:HGNC Symbol;Acc:HGNC:9551]	0.5746978	
NFE2L3	NFE2 like bZIP transcription factor 3 [Source:HGNC Symbol;Acc:HGNC:7783]	0.56920254	
CCNB2	cyclin B2 [Source:HGNC Symbol;Acc:HGNC:1580]	0.55714214	
DNAJB14	DnaJ heat shock protein family (Hsp40) member B14 [Source:HGNC Symbol;Acc:HGNC:25881]	0.5522711	
RNF113A	ring finger protein 113A [Source:HGNC Symbol;Acc:HGNC:12974]	0.5495243	
RNF113B	ring finger protein 113B [Source:HGNC Symbol;Acc:HGNC:17267]	0.5495243	
MACROD2	mono-ADP ribosylhydrolase 2 [Source:HGNC Symbol;Acc:HGNC:16126]	0.54828167	
MTMR12	myotubularin related protein 12 [Source:HGNC Symbol;Acc:HGNC:18191]	0.54664177	
CFLAR	CASP8 and FADD like apoptosis regulator [Source:HGNC Symbol;Acc:HGNC:1876]	0.546124	
CWF19L1	CWF19 like cell cycle control factor 1 [Source:HGNC Symbol;Acc:HGNC:25613]	0.5458317	
CASP3	caspase 3 [Source:HGNC Symbol;Acc:HGNC:1504]	0.5453458	
GTF2F2	general transcription factor IIF subunit 2 [Source:HGNC Symbol;Acc:HGNC:4653]	0.54205847	
UNC13D	unc-13 homolog D [Source:HGNC Symbol;Acc:HGNC:23147]	0.5413659	
DFFB	DNA fragmentation factor subunit beta [Source:HGNC Symbol;Acc:HGNC:2773]	0.53203934	
EXOSC2	exosome component 2 [Source:HGNC Symbol;Acc:HGNC:17097]	0.52926856	
PHB2	prohibitin 2 [Source:HGNC Symbol;Acc:HGNC:30306]	0.52814156	
MAD1L1	mitotic arrest deficient 1 like 1 [Source:HGNC Symbol;Acc:HGNC:6762]	0.526981	
TBC1D2	TBC1 domain family member 2 [Source:HGNC Symbol;Acc:HGNC:18026]	0.52519	
VCP	valosin containing protein [Source:HGNC Symbol;Acc:HGNC:12666]	0.52405185	
MARCHF5	membrane associated ring-CH-type finger 5 [Source:HGNC Symbol;Acc:HGNC:26025]	0.5213861	
RFX6	regulatory factor X6 [Source:HGNC Symbol;Acc:HGNC:21478]	0.51961154	
RNFT1	ring finger protein, transmembrane 1 [Source:HGNC Symbol;Acc:HGNC:30206]	0.5190348	
SMC1A	structural maintenance of chromosomes 1A [Source:HGNC Symbol;Acc:HGNC:11111]	0.51827973	
RAB8B	RAB8B, member RAS oncogene family [Source:HGNC Symbol;Acc:HGNC:30273]	0.5175254	
PTRH2	peptidyl-tRNA hydrolase 2 [Source:HGNC Symbol;Acc:HGNC:24265]	0.5173411	
ZFP91	ZFP91 zinc finger protein, atypical E3 ubiquitin ligase [Source:HGNC Symbol;Acc:HGNC:14983]	0.5155969	
CCND2	cyclin D2 [Source:HGNC Symbol;Acc:HGNC:1583]	0.5123716	
CENPX	centromere protein X [Source:HGNC Symbol;Acc:HGNC:11422]	0.5119796	
CHCHD6	coiled-coil-helix-coiled-coil-helix domain containing 6 [Source:HGNC Symbol;Acc:HGNC:28184]	0.51116174	
PRMT5	protein arginine methyltransferase 5 [Source:HGNC Symbol;Acc:HGNC:10894]	0.51074827	
CTSD	cathepsin D [Source:HGNC Symbol;Acc:HGNC:2529]	0.5030077	
TSSC4	tumor suppressing subtransferable candidate 4 [Source:HGNC Symbol;Acc:HGNC:12386]	0.5003359	
EXOC3L4	exocyst complex component 3 like 4 [Source:HGNC Symbol;Acc:HGNC:20120]	0.49824503	
IKZF4	IKAROS family zinc finger 4 [Source:HGNC Symbol;Acc:HGNC:13179]	0.49309382	
ATOH7	atonal bHLH transcription factor 7 [Source:HGNC Symbol;Acc:HGNC:13907]	0.4917109	
MIER1	MIER1 transcriptional regulator [Source:HGNC Symbol;Acc:HGNC:29657]	0.4876408	
HOOK1	hook microtubule tethering protein 1 [Source:HGNC Symbol;Acc:HGNC:19884]	0.48280957	
GGH	gamma-glutamyl hydrolase [Source:HGNC Symbol;Acc:HGNC:4248]	0.4810531	
ST13	ST13 Hsp70 interacting protein [Source:HGNC Symbol;Acc:HGNC:11343]	0.4767318	
ARHGEF18	Rho/Rac guanine nucleotide exchange factor 18 [Source:HGNC Symbol;Acc:HGNC:17090]	0.47646064	
HNF1B	HNF1 homeobox B [Source:HGNC Symbol;Acc:HGNC:11630]	0.47635448	
RALGPS2	Ral GEF with PH domain and SH3 binding motif 2 [Source:HGNC Symbol;Acc:HGNC:30279]	0.47612807	
TSN	translin [Source:HGNC Symbol;Acc:HGNC:12379]	0.47256202	
ATP6V1D	ATPase H+ transporting V1 subunit D [Source:HGNC Symbol;Acc:HGNC:13527]	0.47216687	
MAN2B1	mannosidase alpha class 2B member 1 [Source:HGNC Symbol;Acc:HGNC:6826]	0.47179493	
DESI2	desumoylating isopeptidase 2 [Source:HGNC Symbol;Acc:HGNC:24264]	0.4696845	
SEPHS1	selenophosphate synthetase 1 [Source:HGNC Symbol;Acc:HGNC:19685]	0.46896347	
GTF2H4	general transcription factor IIH subunit 4 [Source:HGNC Symbol;Acc:HGNC:4658]	0.46582156	
MAGEA12	MAGE family member A12 [Source:HGNC Symbol;Acc:HGNC:6799]	0.46460468	
MAGEA11	MAGE family member A11 [Source:HGNC Symbol;Acc:HGNC:6798]	0.46460468	
MAGEA10	MAGE family member A10 [Source:HGNC Symbol;Acc:HGNC:6797]	0.46460468	
MAGEA2B	MAGE family member A2B [Source:HGNC Symbol;Acc:HGNC:19340]	0.46460468	
MAGEA9B	MAGE family member A9B [Source:HGNC Symbol;Acc:HGNC:31909]	0.46460468	
MAGEL2	MAGE family member L2 [Source:HGNC Symbol;Acc:HGNC:6814]	0.46460468	
NDN	necdin, MAGE family member [Source:HGNC Symbol;Acc:HGNC:7675]	0.46460468	
TRO	trophinin [Source:HGNC Symbol;Acc:HGNC:12326]	0.46460468	
MAGEA9	MAGE family member A9 [Source:HGNC Symbol;Acc:HGNC:6807]	0.46460468	
MAGEA8	MAGE family member A8 [Source:HGNC Symbol;Acc:HGNC:6806]	0.46460468	
MAGEA1	MAGE family member A1 [Source:HGNC Symbol;Acc:HGNC:6796]	0.46460468	
MAGEA2	MAGE family member A2 [Source:HGNC Symbol;Acc:HGNC:6800]	0.46460468	
MAGEA6	MAGE family member A6 [Source:HGNC Symbol;Acc:HGNC:6804]	0.46460468	
MAGEA3	MAGE family member A3 [Source:HGNC Symbol;Acc:HGNC:6801]	0.46460468	
MAGEA4	MAGE family member A4 [Source:HGNC Symbol;Acc:HGNC:6802]	0.46460468	
MAGEB2	MAGE family member B2 [Source:HGNC Symbol;Acc:HGNC:6809]	0.46460468	
MAGEB3	MAGE family member B3 [Source:HGNC Symbol;Acc:HGNC:6810]	0.46460468	
MAGEB1	MAGE family member B1 [Source:HGNC Symbol;Acc:HGNC:6808]	0.46460468	
MAGEB6	MAGE family member B6 [Source:HGNC Symbol;Acc:HGNC:23796]	0.46460468	
MAGEB4	MAGE family member B4 [Source:HGNC Symbol;Acc:HGNC:6811]	0.46460468	
MAGEB5	MAGE family member B5 [Source:HGNC Symbol;Acc:HGNC:23795]	0.46460468	
MAGED1	MAGE family member D1 [Source:HGNC Symbol;Acc:HGNC:6813]	0.46460468	
MAGEC3	MAGE family member C3 [Source:HGNC Symbol;Acc:HGNC:23798]	0.46460468	
MAGEC1	MAGE family member C1 [Source:HGNC Symbol;Acc:HGNC:6812]	0.46460468	
MAGEC2	MAGE family member C2 [Source:HGNC Symbol;Acc:HGNC:13574]	0.46460468	
MAGEE1	MAGE family member E1 [Source:HGNC Symbol;Acc:HGNC:24934]	0.46460468	
MAGEE2	MAGE family member E2 [Source:HGNC Symbol;Acc:HGNC:24935]	0.46460468	
MAGED4	MAGE family member D4 [Source:HGNC Symbol;Acc:HGNC:23793]	0.46460468	
MAGED2	MAGE family member D2 [Source:HGNC Symbol;Acc:HGNC:16353]	0.46460468	
MAGEF1	MAGE family member F1 [Source:HGNC Symbol;Acc:HGNC:29639]	0.46460468	
MAGEH1	MAGE family member H1 [Source:HGNC Symbol;Acc:HGNC:24092]	0.46460468	
MAGEB18	MAGE family member B18 [Source:HGNC Symbol;Acc:HGNC:28515]	0.46460468	
MAGEB17	MAGE family member B17 [Source:HGNC Symbol;Acc:HGNC:17418]	0.46460468	
MAGEB16	MAGE family member B16 [Source:HGNC Symbol;Acc:HGNC:21188]	0.46460468	
MAGED4B	MAGE family member D4B [Source:HGNC Symbol;Acc:HGNC:22880]	0.46460468	
MAGEB10	MAGE family member B10 [Source:HGNC Symbol;Acc:HGNC:25377]	0.46460468	
MAGEB6B	MAGE family member B6B [Source:HGNC Symbol;Acc:HGNC:28824]	0.46460468	
ERCC8	ERCC excision repair 8, CSA ubiquitin ligase complex subunit [Source:HGNC Symbol;Acc:HGNC:3439]	0.46332	
MTFR1L	mitochondrial fission regulator 1 like [Source:HGNC Symbol;Acc:HGNC:28836]	0.46059173	
TRAPPC3	trafficking protein particle complex subunit 3 [Source:HGNC Symbol;Acc:HGNC:19942]	0.4605022	
HP1BP3	heterochromatin protein 1 binding protein 3 [Source:HGNC Symbol;Acc:HGNC:24973]	0.45879427	
PIP4P1	phosphatidylinositol-4,5-bisphosphate 4-phosphatase 1 [Source:HGNC Symbol;Acc:HGNC:19299]	0.45465806	
HCLS1	hematopoietic cell-specific Lyn substrate 1 [Source:HGNC Symbol;Acc:HGNC:4844]	0.4540169	
ZBTB8B	zinc finger and BTB domain containing 8B [Source:HGNC Symbol;Acc:HGNC:37057]	0.45177454	
C17orf113	chromosome 17 open reading frame 113 [Source:HGNC Symbol;Acc:HGNC:53437]	0.45177454	
ERN2	endoplasmic reticulum to nucleus signaling 2 [Source:HGNC Symbol;Acc:HGNC:16942]	0.45076102	
MTDH	metadherin [Source:HGNC Symbol;Acc:HGNC:29608]	0.450476	
MAMSTR	MEF2 activating motif and SAP domain containing transcriptional regulator [Source:HGNC Symbol;Acc:HGNC:26689]	0.450476	
PARP1	poly(ADP-ribose) polymerase 1 [Source:HGNC Symbol;Acc:HGNC:270]	0.44424826	
FIGNL1	fidgetin like 1 [Source:HGNC Symbol;Acc:HGNC:13286]	0.4438948	
ZNF281	zinc finger protein 281 [Source:HGNC Symbol;Acc:HGNC:13075]	0.4436822	
SMAP2	small ArfGAP2 [Source:HGNC Symbol;Acc:HGNC:25082]	0.4389448	
TRIM44	tripartite motif containing 44 [Source:HGNC Symbol;Acc:HGNC:19016]	0.4372568	
TMEM161B	transmembrane protein 161B [Source:HGNC Symbol;Acc:HGNC:28483]	0.43709272	
PARP10	poly(ADP-ribose) polymerase family member 10 [Source:HGNC Symbol;Acc:HGNC:25895]	0.43399614	
ISY1	ISY1 splicing factor homolog [Source:HGNC Symbol;Acc:HGNC:29201]	0.42349994	
BACH1	BTB domain and CNC homolog 1 [Source:HGNC Symbol;Acc:HGNC:935]	0.42282256	
PSMG2	proteasome assembly chaperone 2 [Source:HGNC Symbol;Acc:HGNC:24929]	0.4185382	
SEH1L	SEH1 like nucleoporin [Source:HGNC Symbol;Acc:HGNC:30379]	0.41610295	
XPO1	exportin 1 [Source:HGNC Symbol;Acc:HGNC:12825]	0.41469374	
NAA20	N-alpha-acetyltransferase 20, NatB catalytic subunit [Source:HGNC Symbol;Acc:HGNC:15908]	0.41428626	
AARS1	alanyl-tRNA synthetase 1 [Source:HGNC Symbol;Acc:HGNC:20]	0.41013762	
EFNA1	ephrin A1 [Source:HGNC Symbol;Acc:HGNC:3221]	0.40580434	
TARDBP	TAR DNA binding protein [Source:HGNC Symbol;Acc:HGNC:11571]	0.40168107	
ZFR	zinc finger RNA binding protein [Source:HGNC Symbol;Acc:HGNC:17277]	0.4016202	
AKIP1	A-kinase interacting protein 1 [Source:HGNC Symbol;Acc:HGNC:1170]	0.40161377	
OTULIN	OTU deubiquitinase with linear linkage specificity [Source:HGNC Symbol;Acc:HGNC:25118]	0.39297035	
UNC93B1	unc-93 homolog B1, TLR signaling regulator [Source:HGNC Symbol;Acc:HGNC:13481]	0.39240366	
ATG3	autophagy related 3 [Source:HGNC Symbol;Acc:HGNC:20962]	0.38922703	
URI1	URI1 prefoldin like chaperone [Source:HGNC Symbol;Acc:HGNC:13236]	0.38867363	
ZNF22	zinc finger protein 22 [Source:HGNC Symbol;Acc:HGNC:13012]	0.3884994	
TPR	translocated promoter region, nuclear basket protein [Source:HGNC Symbol;Acc:HGNC:12017]	0.38785654	
TMEM30A	transmembrane protein 30A [Source:HGNC Symbol;Acc:HGNC:16667]	0.38554505	
DBNL	drebrin like [Source:HGNC Symbol;Acc:HGNC:2696]	0.38208458	
VPS26B	VPS26, retromer complex component B [Source:HGNC Symbol;Acc:HGNC:28119]	0.38139844	
GBA	glucosylceramidase beta [Source:HGNC Symbol;Acc:HGNC:4177]	0.38007623	
TP53	tumor protein p53 [Source:HGNC Symbol;Acc:HGNC:11998]	0.37347183	
TKTL2	transketolase like 2 [Source:HGNC Symbol;Acc:HGNC:25313]	0.37221238	
TTC37	tetratricopeptide repeat domain 37 [Source:HGNC Symbol;Acc:HGNC:23639]	0.3720315	
ALDH8A1	aldehyde dehydrogenase 8 family member A1 [Source:HGNC Symbol;Acc:HGNC:15471]	0.3717177	
MTMR10	myotubularin related protein 10 [Source:HGNC Symbol;Acc:HGNC:25999]	0.36450765	
LEO1	LEO1 homolog, Paf1/RNA polymerase II complex component [Source:HGNC Symbol;Acc:HGNC:30401]	0.3644988	
DDX39A	DExD-box helicase 39A [Source:HGNC Symbol;Acc:HGNC:17821]	0.3592636	
FAM53B	family with sequence similarity 53 member B [Source:HGNC Symbol;Acc:HGNC:28968]	0.35488713	
STAT6	signal transducer and activator of transcription 6 [Source:HGNC Symbol;Acc:HGNC:11368]	0.32917213	
RNF40	ring finger protein 40 [Source:HGNC Symbol;Acc:HGNC:16867]	0.30797565	
ANKRD40CL	ANKRD40 C-terminal like [Source:HGNC Symbol;Acc:HGNC:26080]	-0.35087043	
ANKRD40	ankyrin repeat domain 40 [Source:HGNC Symbol;Acc:HGNC:28233]	-0.35087043	
PCNX1	pecanex 1 [Source:HGNC Symbol;Acc:HGNC:19740]	-0.35346884	
CASK	calcium/calmodulin dependent serine protein kinase [Source:HGNC Symbol;Acc:HGNC:1497]	-0.3569933	
NUCB2	nucleobindin 2 [Source:HGNC Symbol;Acc:HGNC:8044]	-0.3575776	
APOC2	apolipoprotein C2 [Source:HGNC Symbol;Acc:HGNC:609]	-0.35930052	
CDON	cell adhesion associated, oncogene regulated [Source:HGNC Symbol;Acc:HGNC:17104]	-0.36072874	
PKP3	plakophilin 3 [Source:HGNC Symbol;Acc:HGNC:9025]	-0.36494052	
TM4SF4	transmembrane 4 L six family member 4 [Source:HGNC Symbol;Acc:HGNC:11856]	-0.3708297	
MYO15B	myosin XVB [Source:HGNC Symbol;Acc:HGNC:14083]	-0.37270144	
PACSIN1	protein kinase C and casein kinase substrate in neurons 1 [Source:HGNC Symbol;Acc:HGNC:8570]	-0.37390715	
JUND	JunD proto-oncogene, AP-1 transcription factor subunit [Source:HGNC Symbol;Acc:HGNC:6206]	-0.37543362	
RPLP2	ribosomal protein lateral stalk subunit P2 [Source:HGNC Symbol;Acc:HGNC:10377]	-0.3759698	
LIPE	lipase E, hormone sensitive type [Source:HGNC Symbol;Acc:HGNC:6621]	-0.37664053	
PLEKHA5	pleckstrin homology domain containing A5 [Source:HGNC Symbol;Acc:HGNC:30036]	-0.38150325	
RC3H1	ring finger and CCCH-type domains 1 [Source:HGNC Symbol;Acc:HGNC:29434]	-0.38287994	
SRPRA	SRP receptor subunit alpha [Source:HGNC Symbol;Acc:HGNC:11307]	-0.38502216	
DDX17	DEAD-box helicase 17 [Source:HGNC Symbol;Acc:HGNC:2740]	-0.38982144	
DOP1B	DOP1 leucine zipper like protein B [Source:HGNC Symbol;Acc:HGNC:1291]	-0.39219016	
HOOK2	hook microtubule tethering protein 2 [Source:HGNC Symbol;Acc:HGNC:19885]	-0.3969315	
ARHGAP21	Rho GTPase activating protein 21 [Source:HGNC Symbol;Acc:HGNC:23725]	-0.40469876	
SIK3	SIK family kinase 3 [Source:HGNC Symbol;Acc:HGNC:29165]	-0.41373923	
LENG8	leukocyte receptor cluster member 8 [Source:HGNC Symbol;Acc:HGNC:15500]	-0.41831776	
MAP1LC3A	microtubule associated protein 1 light chain 3 alpha [Source:HGNC Symbol;Acc:HGNC:6838]	-0.41999054	
GPAT3	glycerol-3-phosphate acyltransferase 3 [Source:HGNC Symbol;Acc:HGNC:28157]	-0.42693135	
PGPEP1	pyroglutamyl-peptidase I [Source:HGNC Symbol;Acc:HGNC:13568]	-0.42908773	
GOT1	glutamic-oxaloacetic transaminase 1 [Source:HGNC Symbol;Acc:HGNC:4432]	-0.42915794	
CCNT2	cyclin T2 [Source:HGNC Symbol;Acc:HGNC:1600]	-0.4295455	
LGR4	leucine rich repeat containing G protein-coupled receptor 4 [Source:HGNC Symbol;Acc:HGNC:13299]	-0.432306	
CCNG2	cyclin G2 [Source:HGNC Symbol;Acc:HGNC:1593]	-0.43370742	
FGFRL1	fibroblast growth factor receptor like 1 [Source:HGNC Symbol;Acc:HGNC:3693]	-0.43548706	
TCF7	transcription factor 7 [Source:HGNC Symbol;Acc:HGNC:11639]	-0.43685228	
KSR1	kinase suppressor of ras 1 [Source:HGNC Symbol;Acc:HGNC:6465]	-0.43898785	
SLC30A1	solute carrier family 30 member 1 [Source:HGNC Symbol;Acc:HGNC:11012]	-0.4390743	
LDHD	lactate dehydrogenase D [Source:HGNC Symbol;Acc:HGNC:19708]	-0.44055277	
PCBD1	pterin-4 alpha-carbinolamine dehydratase 1 [Source:HGNC Symbol;Acc:HGNC:8646]	-0.4414105	
C6orf120	chromosome 6 open reading frame 120 [Source:HGNC Symbol;Acc:HGNC:21247]	-0.4465936	
RBPMS2	RNA binding protein, mRNA processing factor 2 [Source:HGNC Symbol;Acc:HGNC:19098]	-0.44673687	
JARID2	jumonji and AT-rich interaction domain containing 2 [Source:HGNC Symbol;Acc:HGNC:6196]	-0.44765636	
SPRED2	sprouty related EVH1 domain containing 2 [Source:HGNC Symbol;Acc:HGNC:17722]	-0.4491954	
HSPG2	heparan sulfate proteoglycan 2 [Source:HGNC Symbol;Acc:HGNC:5273]	-0.4492914	
NET1	neuroepithelial cell transforming 1 [Source:HGNC Symbol;Acc:HGNC:14592]	-0.45063952	
CDKN1B	cyclin dependent kinase inhibitor 1B [Source:HGNC Symbol;Acc:HGNC:1785]	-0.45219952	
RORA	RAR related orphan receptor A [Source:HGNC Symbol;Acc:HGNC:10258]	-0.4550875	
TMEM98	transmembrane protein 98 [Source:HGNC Symbol;Acc:HGNC:24529]	-0.45572025	
RAP1GAP2	RAP1 GTPase activating protein 2 [Source:HGNC Symbol;Acc:HGNC:29176]	-0.45698416	
PCMT1	protein-L-isoaspartate (D-aspartate) O-methyltransferase [Source:HGNC Symbol;Acc:HGNC:8728]	-0.45740628	
SLC30A4	solute carrier family 30 member 4 [Source:HGNC Symbol;Acc:HGNC:11015]	-0.4620538	
TMEM131	transmembrane protein 131 [Source:HGNC Symbol;Acc:HGNC:30366]	-0.4651183	
CST11	cystatin 11 [Source:HGNC Symbol;Acc:HGNC:15959]	-0.46583205	
CSTL1	cystatin like 1 [Source:HGNC Symbol;Acc:HGNC:15958]	-0.46583205	
CST9	cystatin 9 [Source:HGNC Symbol;Acc:HGNC:13261]	-0.46583205	
CST8	cystatin 8 [Source:HGNC Symbol;Acc:HGNC:2480]	-0.46583205	
CST5	cystatin D [Source:HGNC Symbol;Acc:HGNC:2477]	-0.46583205	
CST4	cystatin S [Source:HGNC Symbol;Acc:HGNC:2476]	-0.46583205	
CST2	cystatin SA [Source:HGNC Symbol;Acc:HGNC:2474]	-0.46583205	
CST1	cystatin SN [Source:HGNC Symbol;Acc:HGNC:2473]	-0.46583205	
CST9L	cystatin 9 like [Source:HGNC Symbol;Acc:HGNC:16233]	-0.46583205	
DIAPH2	diaphanous related formin 2 [Source:HGNC Symbol;Acc:HGNC:2877]	-0.46589583	
NBR1	NBR1 autophagy cargo receptor [Source:HGNC Symbol;Acc:HGNC:6746]	-0.46656153	
EPPK1	epiplakin 1 [Source:HGNC Symbol;Acc:HGNC:15577]	-0.46663862	
DUSP8	dual specificity phosphatase 8 [Source:HGNC Symbol;Acc:HGNC:3074]	-0.46677122	
EEPD1	endonuclease/exonuclease/phosphatase family domain containing 1 [Source:HGNC Symbol;Acc:HGNC:22223]	-0.46718377	
MDH1	malate dehydrogenase 1 [Source:HGNC Symbol;Acc:HGNC:6970]	-0.46922606	
CHN2	chimerin 2 [Source:HGNC Symbol;Acc:HGNC:1944]	-0.4700244	
ZFPM1	zinc finger protein, FOG family member 1 [Source:HGNC Symbol;Acc:HGNC:19762]	-0.4700958	
TRIM3	tripartite motif containing 3 [Source:HGNC Symbol;Acc:HGNC:10064]	-0.4706421	
LPIN3	lipin 3 [Source:HGNC Symbol;Acc:HGNC:14451]	-0.47185373	
DPYSL2	dihydropyrimidinase like 2 [Source:HGNC Symbol;Acc:HGNC:3014]	-0.47454742	
TACR1	tachykinin receptor 1 [Source:HGNC Symbol;Acc:HGNC:11526]	-0.4758598	
KCTD9	potassium channel tetramerization domain containing 9 [Source:HGNC Symbol;Acc:HGNC:22401]	-0.47655213	
BCL2L1	BCL2 like 1 [Source:HGNC Symbol;Acc:HGNC:992]	-0.47757107	
GUSB	glucuronidase beta [Source:HGNC Symbol;Acc:HGNC:4696]	-0.4809124	
KIF1C	kinesin family member 1C [Source:HGNC Symbol;Acc:HGNC:6317]	-0.48142016	
THRB	thyroid hormone receptor beta [Source:HGNC Symbol;Acc:HGNC:11799]	-0.48391557	
SMOC1	SPARC related modular calcium binding 1 [Source:HGNC Symbol;Acc:HGNC:20318]	-0.48468462	
DHRS9	dehydrogenase/reductase 9 [Source:HGNC Symbol;Acc:HGNC:16888]	-0.48571604	
AFF4	AF4/FMR2 family member 4 [Source:HGNC Symbol;Acc:HGNC:17869]	-0.48911226	
GSDME	gasdermin E [Source:HGNC Symbol;Acc:HGNC:2810]	-0.4891404	
MRTFA	myocardin related transcription factor A [Source:HGNC Symbol;Acc:HGNC:14334]	-0.48989877	
C19orf53	chromosome 19 open reading frame 53 [Source:HGNC Symbol;Acc:HGNC:24991]	-0.4903446	
MAN1A1	mannosidase alpha class 1A member 1 [Source:HGNC Symbol;Acc:HGNC:6821]	-0.4909944	
LGALSL	galectin like [Source:HGNC Symbol;Acc:HGNC:25012]	-0.4910001	
BNIP3L	BCL2 interacting protein 3 like [Source:HGNC Symbol;Acc:HGNC:1085]	-0.49411815	
PDZK1	PDZ domain containing 1 [Source:HGNC Symbol;Acc:HGNC:8821]	-0.49541977	
PHLDB1	pleckstrin homology like domain family B member 1 [Source:HGNC Symbol;Acc:HGNC:23697]	-0.4961397	
ZNF598	zinc finger protein 598, E3 ubiquitin ligase [Source:HGNC Symbol;Acc:HGNC:28079]	-0.49735275	
KMO	kynurenine 3-monooxygenase [Source:HGNC Symbol;Acc:HGNC:6381]	-0.49837708	
FAM83H	family with sequence similarity 83 member H [Source:HGNC Symbol;Acc:HGNC:24797]	-0.49841774	
ORMDL1	ORMDL sphingolipid biosynthesis regulator 1 [Source:HGNC Symbol;Acc:HGNC:16036]	-0.5028426	
KCTD17	potassium channel tetramerization domain containing 17 [Source:HGNC Symbol;Acc:HGNC:25705]	-0.50289214	
DCTN4	dynactin subunit 4 [Source:HGNC Symbol;Acc:HGNC:15518]	-0.5050662	
PLPP2	phospholipid phosphatase 2 [Source:HGNC Symbol;Acc:HGNC:9230]	-0.50678945	
SSBP4	single stranded DNA binding protein 4 [Source:HGNC Symbol;Acc:HGNC:15676]	-0.5069664	
GAMT	guanidinoacetate N-methyltransferase [Source:HGNC Symbol;Acc:HGNC:4136]	-0.5091307	
CKB	creatine kinase B [Source:HGNC Symbol;Acc:HGNC:1991]	-0.5095271	
TMEM86B	transmembrane protein 86B [Source:HGNC Symbol;Acc:HGNC:28448]	-0.50960106	
SHROOM1	shroom family member 1 [Source:HGNC Symbol;Acc:HGNC:24084]	-0.5106549	
APOLD1	apolipoprotein L domain containing 1 [Source:HGNC Symbol;Acc:HGNC:25268]	-0.5124739	
GABRR2	gamma-aminobutyric acid type A receptor subunit rho2 [Source:HGNC Symbol;Acc:HGNC:4091]	-0.51377887	
SHD	Src homology 2 domain containing transforming protein D [Source:HGNC Symbol;Acc:HGNC:30633]	-0.5143577	
IQSEC1	IQ motif and Sec7 domain ArfGEF 1 [Source:HGNC Symbol;Acc:HGNC:29112]	-0.51543874	
CABLES2	Cdk5 and Abl enzyme substrate 2 [Source:HGNC Symbol;Acc:HGNC:16143]	-0.51725566	
DECR2	2,4-dienoyl-CoA reductase 2 [Source:HGNC Symbol;Acc:HGNC:2754]	-0.5181128	
TNS1	tensin 1 [Source:HGNC Symbol;Acc:HGNC:11973]	-0.51817995	
CDC14A	cell division cycle 14A [Source:HGNC Symbol;Acc:HGNC:1718]	-0.52208006	
DUSP6	dual specificity phosphatase 6 [Source:HGNC Symbol;Acc:HGNC:3072]	-0.5241175	
SNAP91	synaptosome associated protein 91 [Source:HGNC Symbol;Acc:HGNC:14986]	-0.5275189	
TPBG	trophoblast glycoprotein [Source:HGNC Symbol;Acc:HGNC:12004]	-0.5294121	
OAZ1	ornithine decarboxylase antizyme 1 [Source:HGNC Symbol;Acc:HGNC:8095]	-0.5295942	
SULT6B1	sulfotransferase family 6B member 1 [Source:HGNC Symbol;Acc:HGNC:33433]	-0.53053945	
BCKDHA	branched chain keto acid dehydrogenase E1 subunit alpha [Source:HGNC Symbol;Acc:HGNC:986]	-0.5334194	
NCCRP1	NCCRP1, F-box associated domain containing [Source:HGNC Symbol;Acc:HGNC:33739]	-0.53350115	
PMP22	peripheral myelin protein 22 [Source:HGNC Symbol;Acc:HGNC:9118]	-0.536213	
GOT2	glutamic-oxaloacetic transaminase 2 [Source:HGNC Symbol;Acc:HGNC:4433]	-0.53634965	
AEBP2	AE binding protein 2 [Source:HGNC Symbol;Acc:HGNC:24051]	-0.53672034	
MFSD10	major facilitator superfamily domain containing 10 [Source:HGNC Symbol;Acc:HGNC:16894]	-0.5367536	
TUFT1	tuftelin 1 [Source:HGNC Symbol;Acc:HGNC:12422]	-0.53702325	
CHKA	choline kinase alpha [Source:HGNC Symbol;Acc:HGNC:1937]	-0.53935105	
ELK4	ETS transcription factor ELK4 [Source:HGNC Symbol;Acc:HGNC:3326]	-0.54267067	
PRDM5	PR/SET domain 5 [Source:HGNC Symbol;Acc:HGNC:9349]	-0.5441619	
MBL2	mannose binding lectin 2 [Source:HGNC Symbol;Acc:HGNC:6922]	-0.54433596	
HSPA13	heat shock protein family A (Hsp70) member 13 [Source:HGNC Symbol;Acc:HGNC:11375]	-0.54619336	
PLK2	polo like kinase 2 [Source:HGNC Symbol;Acc:HGNC:19699]	-0.5463258	
USP36	ubiquitin specific peptidase 36 [Source:HGNC Symbol;Acc:HGNC:20062]	-0.54640913	
STUM	stum, mechanosensory transduction mediator homolog [Source:HGNC Symbol;Acc:HGNC:30491]	-0.54661417	
NDFIP1	Nedd4 family interacting protein 1 [Source:HGNC Symbol;Acc:HGNC:17592]	-0.5482256	
FAM222B	family with sequence similarity 222 member B [Source:HGNC Symbol;Acc:HGNC:25563]	-0.54935503	
GATA5	GATA binding protein 5 [Source:HGNC Symbol;Acc:HGNC:15802]	-0.5496442	
MKNK2	MAPK interacting serine/threonine kinase 2 [Source:HGNC Symbol;Acc:HGNC:7111]	-0.551368	
RAB11FIP3	RAB11 family interacting protein 3 [Source:HGNC Symbol;Acc:HGNC:17224]	-0.55179745	
RGCC	regulator of cell cycle [Source:HGNC Symbol;Acc:HGNC:20369]	-0.5527972	
MXD1	MAX dimerization protein 1 [Source:HGNC Symbol;Acc:HGNC:6761]	-0.55296016	
SFT2D3	SFT2 domain containing 3 [Source:HGNC Symbol;Acc:HGNC:28767]	-0.55413437	
LXN	latexin [Source:HGNC Symbol;Acc:HGNC:13347]	-0.55569696	
ACVR2B	activin A receptor type 2B [Source:HGNC Symbol;Acc:HGNC:174]	-0.5565456	
ARPIN	actin related protein 2/3 complex inhibitor [Source:HGNC Symbol;Acc:HGNC:28782]	-0.5582272	
DPP4	dipeptidyl peptidase 4 [Source:HGNC Symbol;Acc:HGNC:3009]	-0.5598911	
TSPAN2	tetraspanin 2 [Source:HGNC Symbol;Acc:HGNC:20659]	-0.56075454	
NUMB	NUMB endocytic adaptor protein [Source:HGNC Symbol;Acc:HGNC:8060]	-0.56501037	
ATF4	activating transcription factor 4 [Source:HGNC Symbol;Acc:HGNC:786]	-0.5663214	
KCNB2	potassium voltage-gated channel subfamily B member 2 [Source:HGNC Symbol;Acc:HGNC:6232]	-0.5670727	
ROS1	ROS proto-oncogene 1, receptor tyrosine kinase [Source:HGNC Symbol;Acc:HGNC:10261]	-0.56838256	
SVIL	supervillin [Source:HGNC Symbol;Acc:HGNC:11480]	-0.57075566	
KCNE4	potassium voltage-gated channel subfamily E regulatory subunit 4 [Source:HGNC Symbol;Acc:HGNC:6244]	-0.57361966	
DNAJC5	DnaJ heat shock protein family (Hsp40) member C5 [Source:HGNC Symbol;Acc:HGNC:16235]	-0.5767942	
LMO7	LIM domain 7 [Source:HGNC Symbol;Acc:HGNC:6646]	-0.5776678	
YDJC	YdjC chitooligosaccharide deacetylase homolog [Source:HGNC Symbol;Acc:HGNC:27158]	-0.5805188	
TRAK1	trafficking kinesin protein 1 [Source:HGNC Symbol;Acc:HGNC:29947]	-0.58060414	
MFSD6	major facilitator superfamily domain containing 6 [Source:HGNC Symbol;Acc:HGNC:24711]	-0.58093995	
FAM118B	family with sequence similarity 118 member B [Source:HGNC Symbol;Acc:HGNC:26110]	-0.58104986	
ADCY6	adenylate cyclase 6 [Source:HGNC Symbol;Acc:HGNC:237]	-0.5827453	
USHBP1	USH1 protein network component harmonin binding protein 1 [Source:HGNC Symbol;Acc:HGNC:24058]	-0.59191364	
PON3	paraoxonase 3 [Source:HGNC Symbol;Acc:HGNC:9206]	-0.5933722	
PON2	paraoxonase 2 [Source:HGNC Symbol;Acc:HGNC:9205]	-0.5933722	
PON1	paraoxonase 1 [Source:HGNC Symbol;Acc:HGNC:9204]	-0.5933722	
SH3BGRL2	SH3 domain binding glutamate rich protein like 2 [Source:HGNC Symbol;Acc:HGNC:15567]	-0.59349567	
POR	cytochrome p450 oxidoreductase [Source:HGNC Symbol;Acc:HGNC:9208]	-0.5947247	
PINK1	PTEN induced kinase 1 [Source:HGNC Symbol;Acc:HGNC:14581]	-0.5948476	
ELAVL3	ELAV like RNA binding protein 3 [Source:HGNC Symbol;Acc:HGNC:3314]	-0.5962597	
TOB1	transducer of ERBB2, 1 [Source:HGNC Symbol;Acc:HGNC:11979]	-0.5967021	
CALD1	caldesmon 1 [Source:HGNC Symbol;Acc:HGNC:1441]	-0.5969614	
OSBPL2	oxysterol binding protein like 2 [Source:HGNC Symbol;Acc:HGNC:15761]	-0.597482	
SRSF3	serine and arginine rich splicing factor 3 [Source:HGNC Symbol;Acc:HGNC:10785]	-0.59807366	
OGDH	oxoglutarate dehydrogenase [Source:HGNC Symbol;Acc:HGNC:8124]	-0.5985355	
PTPRG	protein tyrosine phosphatase receptor type G [Source:HGNC Symbol;Acc:HGNC:9671]	-0.6038969	
ATP5PF	ATP synthase peripheral stalk subunit F6 [Source:HGNC Symbol;Acc:HGNC:847]	-0.606175	
FLVCR2	FLVCR heme transporter 2 [Source:HGNC Symbol;Acc:HGNC:20105]	-0.60702443	
SGPP1	sphingosine-1-phosphate phosphatase 1 [Source:HGNC Symbol;Acc:HGNC:17720]	-0.60743064	
KIAA1217	KIAA1217 [Source:HGNC Symbol;Acc:HGNC:25428]	-0.6082178	
CERK	ceramide kinase [Source:HGNC Symbol;Acc:HGNC:19256]	-0.60851425	
RAPGEFL1	Rap guanine nucleotide exchange factor like 1 [Source:HGNC Symbol;Acc:HGNC:17428]	-0.60914856	
RGS8	regulator of G protein signaling 8 [Source:HGNC Symbol;Acc:HGNC:16810]	-0.61127955	
RGS16	regulator of G protein signaling 16 [Source:HGNC Symbol;Acc:HGNC:9997]	-0.61127955	
ARHGAP18	Rho GTPase activating protein 18 [Source:HGNC Symbol;Acc:HGNC:21035]	-0.6116061	
RRBP1	ribosome binding protein 1 [Source:HGNC Symbol;Acc:HGNC:10448]	-0.6122852	
KIAA1191	KIAA1191 [Source:HGNC Symbol;Acc:HGNC:29209]	-0.6126452	
MSI2	musashi RNA binding protein 2 [Source:HGNC Symbol;Acc:HGNC:18585]	-0.61546606	
DYNLT3	dynein light chain Tctex-type 3 [Source:HGNC Symbol;Acc:HGNC:11694]	-0.61609995	
COL6A1	collagen type VI alpha 1 chain [Source:HGNC Symbol;Acc:HGNC:2211]	-0.61714554	
DIO1	iodothyronine deiodinase 1 [Source:HGNC Symbol;Acc:HGNC:2883]	-0.6175172	
ALDH3A1	aldehyde dehydrogenase 3 family member A1 [Source:HGNC Symbol;Acc:HGNC:405]	-0.6218199	
ALDH3B1	aldehyde dehydrogenase 3 family member B1 [Source:HGNC Symbol;Acc:HGNC:410]	-0.6218199	
ALDH1B1	aldehyde dehydrogenase 1 family member B1 [Source:HGNC Symbol;Acc:HGNC:407]	-0.6218199	
GNG13	G protein subunit gamma 13 [Source:HGNC Symbol;Acc:HGNC:14131]	-0.6225007	
PGM5	phosphoglucomutase 5 [Source:HGNC Symbol;Acc:HGNC:8908]	-0.6227032	
ARHGEF3	Rho guanine nucleotide exchange factor 3 [Source:HGNC Symbol;Acc:HGNC:683]	-0.6236711	
CD9	CD9 molecule [Source:HGNC Symbol;Acc:HGNC:1709]	-0.6242893	
TAGAP	T cell activation RhoGTPase activating protein [Source:HGNC Symbol;Acc:HGNC:15669]	-0.6247675	
LMAN1	lectin, mannose binding 1 [Source:HGNC Symbol;Acc:HGNC:6631]	-0.62482625	
FERMT2	FERM domain containing kindlin 2 [Source:HGNC Symbol;Acc:HGNC:15767]	-0.6257331	
KLF3	Kruppel like factor 3 [Source:HGNC Symbol;Acc:HGNC:16516]	-0.6284451	
SGMS1	sphingomyelin synthase 1 [Source:HGNC Symbol;Acc:HGNC:29799]	-0.6291119	
SNRK	SNF related kinase [Source:HGNC Symbol;Acc:HGNC:30598]	-0.6312431	
BHLHE40	basic helix-loop-helix family member e40 [Source:HGNC Symbol;Acc:HGNC:1046]	-0.63222283	
LPAR6	lysophosphatidic acid receptor 6 [Source:HGNC Symbol;Acc:HGNC:15520]	-0.632527	
BAG3	BAG cochaperone 3 [Source:HGNC Symbol;Acc:HGNC:939]	-0.6329622	
GLI2	GLI family zinc finger 2 [Source:HGNC Symbol;Acc:HGNC:4318]	-0.6345319	
DDTL	D-dopachrome tautomerase like [Source:HGNC Symbol;Acc:HGNC:33446]	-0.635153	
DDT	D-dopachrome tautomerase [Source:HGNC Symbol;Acc:HGNC:2732]	-0.635153	
CLIC4	chloride intracellular channel 4 [Source:HGNC Symbol;Acc:HGNC:13518]	-0.6379957	
B3GNT5	UDP-GlcNAc:betaGal beta-1,3-N-acetylglucosaminyltransferase 5 [Source:HGNC Symbol;Acc:HGNC:15684]	-0.6389284	
ADCYAP1R1	ADCYAP receptor type I [Source:HGNC Symbol;Acc:HGNC:242]	-0.63943815	
FAM102B	family with sequence similarity 102 member B [Source:HGNC Symbol;Acc:HGNC:27637]	-0.6411513	
DUSP13	dual specificity phosphatase 13 [Source:HGNC Symbol;Acc:HGNC:19681]	-0.6419984	
CRIM1	cysteine rich transmembrane BMP regulator 1 [Source:HGNC Symbol;Acc:HGNC:2359]	-0.64276546	
GAD1	glutamate decarboxylase 1 [Source:HGNC Symbol;Acc:HGNC:4092]	-0.6450447	
CNOT6L	CCR4-NOT transcription complex subunit 6 like [Source:HGNC Symbol;Acc:HGNC:18042]	-0.64509827	
CD93	CD93 molecule [Source:HGNC Symbol;Acc:HGNC:15855]	-0.646635	
ACAA1	acetyl-CoA acyltransferase 1 [Source:HGNC Symbol;Acc:HGNC:82]	-0.64667803	
PLPBP	pyridoxal phosphate binding protein [Source:HGNC Symbol;Acc:HGNC:9457]	-0.6474268	
AGTRAP	angiotensin II receptor associated protein [Source:HGNC Symbol;Acc:HGNC:13539]	-0.6510724	
GCKR	glucokinase regulator [Source:HGNC Symbol;Acc:HGNC:4196]	-0.65184176	
MGAT4D	MGAT4 family member D [Source:HGNC Symbol;Acc:HGNC:43619]	-0.6521305	
SLC43A2	solute carrier family 43 member 2 [Source:HGNC Symbol;Acc:HGNC:23087]	-0.65368426	
PODN	podocan [Source:HGNC Symbol;Acc:HGNC:23174]	-0.6557602	
PRR15	proline rich 15 [Source:HGNC Symbol;Acc:HGNC:22310]	-0.65650976	
ATXN1	ataxin 1 [Source:HGNC Symbol;Acc:HGNC:10548]	-0.6566689	
LRRC14B	leucine rich repeat containing 14B [Source:HGNC Symbol;Acc:HGNC:37268]	-0.657224	
NFE2L2	NFE2 like bZIP transcription factor 2 [Source:HGNC Symbol;Acc:HGNC:7782]	-0.6586623	
INAVA	innate immunity activator [Source:HGNC Symbol;Acc:HGNC:25599]	-0.6588877	
SULT1C4	sulfotransferase family 1C member 4 [Source:HGNC Symbol;Acc:HGNC:11457]	-0.65962726	
SMAGP	small cell adhesion glycoprotein [Source:HGNC Symbol;Acc:HGNC:26918]	-0.6621388	
NCR3	natural cytotoxicity triggering receptor 3 [Source:HGNC Symbol;Acc:HGNC:19077]	-0.6621388	
TIGIT	T cell immunoreceptor with Ig and ITIM domains [Source:HGNC Symbol;Acc:HGNC:26838]	-0.6621388	
NECTIN2	nectin cell adhesion molecule 2 [Source:HGNC Symbol;Acc:HGNC:9707]	-0.6621388	
PVR	PVR cell adhesion molecule [Source:HGNC Symbol;Acc:HGNC:9705]	-0.6621388	
PPP1R14A	protein phosphatase 1 regulatory inhibitor subunit 14A [Source:HGNC Symbol;Acc:HGNC:14871]	-0.6622543	
TPST1	tyrosylprotein sulfotransferase 1 [Source:HGNC Symbol;Acc:HGNC:12020]	-0.6635413	
HINT3	histidine triad nucleotide binding protein 3 [Source:HGNC Symbol;Acc:HGNC:18468]	-0.66727495	
IGF2BP2	insulin like growth factor 2 mRNA binding protein 2 [Source:HGNC Symbol;Acc:HGNC:28867]	-0.66804016	
GATA2	GATA binding protein 2 [Source:HGNC Symbol;Acc:HGNC:4171]	-0.66848075	
PPTC7	protein phosphatase targeting COQ7 [Source:HGNC Symbol;Acc:HGNC:30695]	-0.669609	
YPEL5	yippee like 5 [Source:HGNC Symbol;Acc:HGNC:18329]	-0.6706701	
SYNPO2	synaptopodin 2 [Source:HGNC Symbol;Acc:HGNC:17732]	-0.67155993	
PIK3CG	phosphatidylinositol-4,5-bisphosphate 3-kinase catalytic subunit gamma [Source:HGNC Symbol;Acc:HGNC:8978]	-0.6728795	
CCSER1	coiled-coil serine rich protein 1 [Source:HGNC Symbol;Acc:HGNC:29349]	-0.67301637	
COL6A2	collagen type VI alpha 2 chain [Source:HGNC Symbol;Acc:HGNC:2212]	-0.67422056	
RGL1	ral guanine nucleotide dissociation stimulator like 1 [Source:HGNC Symbol;Acc:HGNC:30281]	-0.67577034	
FGFR3	fibroblast growth factor receptor 3 [Source:HGNC Symbol;Acc:HGNC:3690]	-0.67678845	
MSRB1	methionine sulfoxide reductase B1 [Source:HGNC Symbol;Acc:HGNC:14133]	-0.67680264	
RALGDS	ral guanine nucleotide dissociation stimulator [Source:HGNC Symbol;Acc:HGNC:9842]	-0.677149	
FAM210B	family with sequence similarity 210 member B [Source:HGNC Symbol;Acc:HGNC:16102]	-0.6772353	
RAB40B	RAB40B, member RAS oncogene family [Source:HGNC Symbol;Acc:HGNC:18284]	-0.67825526	
SIK2	salt inducible kinase 2 [Source:HGNC Symbol;Acc:HGNC:21680]	-0.67941344	
RASSF8	Ras association domain family member 8 [Source:HGNC Symbol;Acc:HGNC:13232]	-0.68025166	
RPGRIP1	RPGR interacting protein 1 [Source:HGNC Symbol;Acc:HGNC:13436]	-0.68060595	
PDLIM3	PDZ and LIM domain 3 [Source:HGNC Symbol;Acc:HGNC:20767]	-0.6813679	
DES	desmin [Source:HGNC Symbol;Acc:HGNC:2770]	-0.6818648	
SLC26A1	solute carrier family 26 member 1 [Source:HGNC Symbol;Acc:HGNC:10993]	-0.6865611	
DEPTOR	DEP domain containing MTOR interacting protein [Source:HGNC Symbol;Acc:HGNC:22953]	-0.6878863	
OSR2	odd-skipped related transciption factor 2 [Source:HGNC Symbol;Acc:HGNC:15830]	-0.69014955	
TSC22D3	TSC22 domain family member 3 [Source:HGNC Symbol;Acc:HGNC:3051]	-0.69926274	
FOXO6	forkhead box O6 [Source:HGNC Symbol;Acc:HGNC:24814]	-0.6998022	
AEBP1	AE binding protein 1 [Source:HGNC Symbol;Acc:HGNC:303]	-0.69981134	
RASEF	RAS and EF-hand domain containing [Source:HGNC Symbol;Acc:HGNC:26464]	-0.70035875	
GYS1	glycogen synthase 1 [Source:HGNC Symbol;Acc:HGNC:4706]	-0.7005183	
PLVAP	plasmalemma vesicle associated protein [Source:HGNC Symbol;Acc:HGNC:13635]	-0.7064579	
CLDN34	claudin 34 [Source:HGNC Symbol;Acc:HGNC:51259]	-0.7066426	
ADGRB2	adhesion G protein-coupled receptor B2 [Source:HGNC Symbol;Acc:HGNC:944]	-0.70881814	
PFKFB4	6-phosphofructo-2-kinase/fructose-2,6-biphosphatase 4 [Source:HGNC Symbol;Acc:HGNC:8875]	-0.7114849	
MAPK14	mitogen-activated protein kinase 14 [Source:HGNC Symbol;Acc:HGNC:6876]	-0.711647	
NIM1K	NIM1 serine/threonine protein kinase [Source:HGNC Symbol;Acc:HGNC:28646]	-0.7135974	
TSSK3	testis specific serine kinase 3 [Source:HGNC Symbol;Acc:HGNC:15473]	-0.7135974	
TSSK4	testis specific serine kinase 4 [Source:HGNC Symbol;Acc:HGNC:19825]	-0.7135974	
KLB	klotho beta [Source:HGNC Symbol;Acc:HGNC:15527]	-0.71473837	
CTSW	cathepsin W [Source:HGNC Symbol;Acc:HGNC:2546]	-0.71618366	
CTSV	cathepsin V [Source:HGNC Symbol;Acc:HGNC:2538]	-0.71618366	
CTSL	cathepsin L [Source:HGNC Symbol;Acc:HGNC:2537]	-0.71618366	
CTSF	cathepsin F [Source:HGNC Symbol;Acc:HGNC:2531]	-0.71618366	
TINAG	tubulointerstitial nephritis antigen [Source:HGNC Symbol;Acc:HGNC:14599]	-0.71618366	
SETD3	SET domain containing 3, actin histidine methyltransferase [Source:HGNC Symbol;Acc:HGNC:20493]	-0.719971	
PPARA	peroxisome proliferator activated receptor alpha [Source:HGNC Symbol;Acc:HGNC:9232]	-0.7215763	
KDM6B	lysine demethylase 6B [Source:HGNC Symbol;Acc:HGNC:29012]	-0.72190815	
CREM	cAMP responsive element modulator [Source:HGNC Symbol;Acc:HGNC:2352]	-0.7235716	
MRTFB	myocardin related transcription factor B [Source:HGNC Symbol;Acc:HGNC:29819]	-0.72511774	
OXCT1	3-oxoacid CoA-transferase 1 [Source:HGNC Symbol;Acc:HGNC:8527]	-0.72781235	
OXCT2	3-oxoacid CoA-transferase 2 [Source:HGNC Symbol;Acc:HGNC:18606]	-0.72781235	
PIK3R1	phosphoinositide-3-kinase regulatory subunit 1 [Source:HGNC Symbol;Acc:HGNC:8979]	-0.7302832	
CSRNP1	cysteine and serine rich nuclear protein 1 [Source:HGNC Symbol;Acc:HGNC:14300]	-0.73227704	
PTPRB	protein tyrosine phosphatase receptor type B [Source:HGNC Symbol;Acc:HGNC:9665]	-0.7330246	
TTC7A	tetratricopeptide repeat domain 7A [Source:HGNC Symbol;Acc:HGNC:19750]	-0.73427165	
KLF12	Kruppel like factor 12 [Source:HGNC Symbol;Acc:HGNC:6346]	-0.73651516	
NICN1	nicolin 1, tubulin polyglutamylase complex subunit [Source:HGNC Symbol;Acc:HGNC:18317]	-0.7369725	
PER2	period circadian regulator 2 [Source:HGNC Symbol;Acc:HGNC:8846]	-0.7372755	
GPR50	G protein-coupled receptor 50 [Source:HGNC Symbol;Acc:HGNC:4506]	-0.73772925	
SLC29A1	solute carrier family 29 member 1 (Augustine blood group) [Source:HGNC Symbol;Acc:HGNC:11003]	-0.7440404	
DTX3	deltex E3 ubiquitin ligase 3 [Source:HGNC Symbol;Acc:HGNC:24457]	-0.7452451	
DHFR	dihydrofolate reductase [Source:HGNC Symbol;Acc:HGNC:2861]	-0.7454531	
DHFR2	dihydrofolate reductase 2 [Source:HGNC Symbol;Acc:HGNC:27309]	-0.7454531	
ELL2	elongation factor for RNA polymerase II 2 [Source:HGNC Symbol;Acc:HGNC:17064]	-0.7513049	
CSRP1	cysteine and glycine rich protein 1 [Source:HGNC Symbol;Acc:HGNC:2469]	-0.7531019	
IL15	interleukin 15 [Source:HGNC Symbol;Acc:HGNC:5977]	-0.7553066	
SLC5A11	solute carrier family 5 member 11 [Source:HGNC Symbol;Acc:HGNC:23091]	-0.7560268	
ITPK1	inositol-tetrakisphosphate 1-kinase [Source:HGNC Symbol;Acc:HGNC:6177]	-0.7562298	
SLC4A4	solute carrier family 4 member 4 [Source:HGNC Symbol;Acc:HGNC:11030]	-0.75625616	
ADA	adenosine deaminase [Source:HGNC Symbol;Acc:HGNC:186]	-0.75648713	
MTSS2	MTSS I-BAR domain containing 2 [Source:HGNC Symbol;Acc:HGNC:25094]	-0.7613551	
VCL	vinculin [Source:HGNC Symbol;Acc:HGNC:12665]	-0.76166606	
PLA2G12A	phospholipase A2 group XIIA [Source:HGNC Symbol;Acc:HGNC:18554]	-0.7631309	
SLC16A4	solute carrier family 16 member 4 [Source:HGNC Symbol;Acc:HGNC:10925]	-0.7634623	
ABAT	4-aminobutyrate aminotransferase [Source:HGNC Symbol;Acc:HGNC:23]	-0.76350576	
MSRB3	methionine sulfoxide reductase B3 [Source:HGNC Symbol;Acc:HGNC:27375]	-0.7658123	
MAFB	MAF bZIP transcription factor B [Source:HGNC Symbol;Acc:HGNC:6408]	-0.76609933	
SFXN1	sideroflexin 1 [Source:HGNC Symbol;Acc:HGNC:16085]	-0.7696401	
SORBS3	sorbin and SH3 domain containing 3 [Source:HGNC Symbol;Acc:HGNC:30907]	-0.77045894	
WSCD2	WSC domain containing 2 [Source:HGNC Symbol;Acc:HGNC:29117]	-0.7744424	
FAXDC2	fatty acid hydroxylase domain containing 2 [Source:HGNC Symbol;Acc:HGNC:1334]	-0.7765301	
DDB2	damage specific DNA binding protein 2 [Source:HGNC Symbol;Acc:HGNC:2718]	-0.7770211	
PLEKHA6	pleckstrin homology domain containing A6 [Source:HGNC Symbol;Acc:HGNC:17053]	-0.778891	
LAYN	layilin [Source:HGNC Symbol;Acc:HGNC:29471]	-0.77894145	
MTUS1	microtubule associated scaffold protein 1 [Source:HGNC Symbol;Acc:HGNC:29789]	-0.77894825	
ABCB4	ATP binding cassette subfamily B member 4 [Source:HGNC Symbol;Acc:HGNC:45]	-0.7833083	
FAM102A	family with sequence similarity 102 member A [Source:HGNC Symbol;Acc:HGNC:31419]	-0.78410614	
DISC1	DISC1 scaffold protein [Source:HGNC Symbol;Acc:HGNC:2888]	-0.7849106	
CSPG4	chondroitin sulfate proteoglycan 4 [Source:HGNC Symbol;Acc:HGNC:2466]	-0.78663385	
PELI1	pellino E3 ubiquitin protein ligase 1 [Source:HGNC Symbol;Acc:HGNC:8827]	-0.7886161	
PCSK5	proprotein convertase subtilisin/kexin type 5 [Source:HGNC Symbol;Acc:HGNC:8747]	-0.7950872	
GPM6A	glycoprotein M6A [Source:HGNC Symbol;Acc:HGNC:4460]	-0.7953747	
ZNF395	zinc finger protein 395 [Source:HGNC Symbol;Acc:HGNC:18737]	-0.79853845	
KDM7A	lysine demethylase 7A [Source:HGNC Symbol;Acc:HGNC:22224]	-0.8039342	
MIDN	midnolin [Source:HGNC Symbol;Acc:HGNC:16298]	-0.8082071	
SEC14L3	SEC14 like lipid binding 3 [Source:HGNC Symbol;Acc:HGNC:18655]	-0.80897355	
SEC14L6	SEC14 like lipid binding 6 [Source:HGNC Symbol;Acc:HGNC:40047]	-0.80897355	
SEC14L4	SEC14 like lipid binding 4 [Source:HGNC Symbol;Acc:HGNC:20627]	-0.80897355	
SLC26A3	solute carrier family 26 member 3 [Source:HGNC Symbol;Acc:HGNC:3018]	-0.813194	
IVD	isovaleryl-CoA dehydrogenase [Source:HGNC Symbol;Acc:HGNC:6186]	-0.8164321	
G6PC1	glucose-6-phosphatase catalytic subunit 1 [Source:HGNC Symbol;Acc:HGNC:4056]	-0.8188414	
UCP1	uncoupling protein 1 [Source:HGNC Symbol;Acc:HGNC:12517]	-0.8210441	
SLC25A29	solute carrier family 25 member 29 [Source:HGNC Symbol;Acc:HGNC:20116]	-0.82381	
HSD17B12	hydroxysteroid 17-beta dehydrogenase 12 [Source:HGNC Symbol;Acc:HGNC:18646]	-0.82643145	
PLAC8	placenta associated 8 [Source:HGNC Symbol;Acc:HGNC:19254]	-0.82820135	
ADGRG2	adhesion G protein-coupled receptor G2 [Source:HGNC Symbol;Acc:HGNC:4516]	-0.82930034	
TCIM	transcriptional and immune response regulator [Source:HGNC Symbol;Acc:HGNC:1357]	-0.8294604	
UCP2	uncoupling protein 2 [Source:HGNC Symbol;Acc:HGNC:12518]	-0.83063495	
CTH	cystathionine gamma-lyase [Source:HGNC Symbol;Acc:HGNC:2501]	-0.83158123	
C1orf50	chromosome 1 open reading frame 50 [Source:HGNC Symbol;Acc:HGNC:28795]	-0.8329816	
SOAT1	sterol O-acyltransferase 1 [Source:HGNC Symbol;Acc:HGNC:11177]	-0.8340437	
DEDD2	death effector domain containing 2 [Source:HGNC Symbol;Acc:HGNC:24450]	-0.8340677	
SLC47A2	solute carrier family 47 member 2 [Source:HGNC Symbol;Acc:HGNC:26439]	-0.83685106	
SLC47A1	solute carrier family 47 member 1 [Source:HGNC Symbol;Acc:HGNC:25588]	-0.83685106	
WBP1L	WW domain binding protein 1 like [Source:HGNC Symbol;Acc:HGNC:23510]	-0.838929	
GJA4	gap junction protein alpha 4 [Source:HGNC Symbol;Acc:HGNC:4278]	-0.8391322	
RAD54L2	RAD54 like 2 [Source:HGNC Symbol;Acc:HGNC:29123]	-0.84010226	
GPR20	G protein-coupled receptor 20 [Source:HGNC Symbol;Acc:HGNC:4475]	-0.8426262	
HBE1	hemoglobin subunit epsilon 1 [Source:HGNC Symbol;Acc:HGNC:4830]	-0.84425783	
PHYHD1	phytanoyl-CoA dioxygenase domain containing 1 [Source:HGNC Symbol;Acc:HGNC:23396]	-0.8455312	
TMEM120A	transmembrane protein 120A [Source:HGNC Symbol;Acc:HGNC:21697]	-0.84562045	
MTARC1	mitochondrial amidoxime reducing component 1 [Source:HGNC Symbol;Acc:HGNC:26189]	-0.8460917	
GGTLC2	gamma-glutamyltransferase light chain 2 [Source:HGNC Symbol;Acc:HGNC:18596]	-0.8466615	
GGTLC1	gamma-glutamyltransferase light chain 1 [Source:HGNC Symbol;Acc:HGNC:16437]	-0.8466615	
GGTLC3	gamma-glutamyltransferase light chain family member 3 [Source:HGNC Symbol;Acc:HGNC:33426]	-0.8466615	
GGT1	gamma-glutamyltransferase 1 [Source:HGNC Symbol;Acc:HGNC:4250]	-0.8466615	
ABLIM1	actin binding LIM protein 1 [Source:HGNC Symbol;Acc:HGNC:78]	-0.8471866	
GALNT8	polypeptide N-acetylgalactosaminyltransferase 8 [Source:HGNC Symbol;Acc:HGNC:4130]	-0.8500125	
MMS22L	MMS22 like, DNA repair protein [Source:HGNC Symbol;Acc:HGNC:21475]	-0.85057193	
SLC13A5	solute carrier family 13 member 5 [Source:HGNC Symbol;Acc:HGNC:23089]	-0.85647887	
GLYATL3	glycine-N-acyltransferase like 3 [Source:HGNC Symbol;Acc:HGNC:21349]	-0.8576406	
GLYATL2	glycine-N-acyltransferase like 2 [Source:HGNC Symbol;Acc:HGNC:24178]	-0.8576406	
GLYATL1	glycine-N-acyltransferase like 1 [Source:HGNC Symbol;Acc:HGNC:30519]	-0.8576406	
GLYAT	glycine-N-acyltransferase [Source:HGNC Symbol;Acc:HGNC:13734]	-0.8576406	
GLYATL1B	glycine-N-acyltransferase like 1B [Source:HGNC Symbol;Acc:HGNC:37865]	-0.8576406	
GSTZ1	glutathione S-transferase zeta 1 [Source:HGNC Symbol;Acc:HGNC:4643]	-0.86186504	
ACOT12	acyl-CoA thioesterase 12 [Source:HGNC Symbol;Acc:HGNC:24436]	-0.8682927	
COQ10B	coenzyme Q10B [Source:HGNC Symbol;Acc:HGNC:25819]	-0.8713898	
SEMA6C	semaphorin 6C [Source:HGNC Symbol;Acc:HGNC:10740]	-0.8719444	
CYP4F2	cytochrome P450 family 4 subfamily F member 2 [Source:HGNC Symbol;Acc:HGNC:2645]	-0.8755297	
CYP4F3	cytochrome P450 family 4 subfamily F member 3 [Source:HGNC Symbol;Acc:HGNC:2646]	-0.8755297	
CYP4A22	cytochrome P450 family 4 subfamily A member 22 [Source:HGNC Symbol;Acc:HGNC:20575]	-0.8755297	
CYP4A11	cytochrome P450 family 4 subfamily A member 11 [Source:HGNC Symbol;Acc:HGNC:2642]	-0.8755297	
CYP4F11	cytochrome P450 family 4 subfamily F member 11 [Source:HGNC Symbol;Acc:HGNC:13265]	-0.8755297	
CYP4F12	cytochrome P450 family 4 subfamily F member 12 [Source:HGNC Symbol;Acc:HGNC:18857]	-0.8755297	
CYP4Z1	cytochrome P450 family 4 subfamily Z member 1 [Source:HGNC Symbol;Acc:HGNC:20583]	-0.8755297	
CYP4X1	cytochrome P450 family 4 subfamily X member 1 [Source:HGNC Symbol;Acc:HGNC:20244]	-0.8755297	
MAF	MAF bZIP transcription factor [Source:HGNC Symbol;Acc:HGNC:6776]	-0.8811061	
CIDEB	cell death inducing DFFA like effector b [Source:HGNC Symbol;Acc:HGNC:1977]	-0.88371986	
OLFM4	olfactomedin 4 [Source:HGNC Symbol;Acc:HGNC:17190]	-0.88521606	
HYKK	hydroxylysine kinase [Source:HGNC Symbol;Acc:HGNC:34403]	-0.88525766	
LTA4H	leukotriene A4 hydrolase [Source:HGNC Symbol;Acc:HGNC:6710]	-0.8914974	
NR1I2	nuclear receptor subfamily 1 group I member 2 [Source:HGNC Symbol;Acc:HGNC:7968]	-0.8963759	
SYT1	synaptotagmin 1 [Source:HGNC Symbol;Acc:HGNC:11509]	-0.89941394	
PMM1	phosphomannomutase 1 [Source:HGNC Symbol;Acc:HGNC:9114]	-0.9018318	
HS6ST1	heparan sulfate 6-O-sulfotransferase 1 [Source:HGNC Symbol;Acc:HGNC:5201]	-0.9046177	
NT5C1B	5'-nucleotidase, cytosolic IB [Source:HGNC Symbol;Acc:HGNC:17818]	-0.9065678	
SRD5A2	steroid 5 alpha-reductase 2 [Source:HGNC Symbol;Acc:HGNC:11285]	-0.9076092	
REEP3	receptor accessory protein 3 [Source:HGNC Symbol;Acc:HGNC:23711]	-0.90812254	
SLC7A1	solute carrier family 7 member 1 [Source:HGNC Symbol;Acc:HGNC:11057]	-0.91036785	
SLC22A13	solute carrier family 22 member 13 [Source:HGNC Symbol;Acc:HGNC:8494]	-0.9147253	
PDZD3	PDZ domain containing 3 [Source:HGNC Symbol;Acc:HGNC:19891]	-0.91772974	
LMBR1L	limb development membrane protein 1 like [Source:HGNC Symbol;Acc:HGNC:18268]	-0.92172074	
FLVCR1	FLVCR heme transporter 1 [Source:HGNC Symbol;Acc:HGNC:24682]	-0.9315643	
ACHE	acetylcholinesterase (Cartwright blood group) [Source:HGNC Symbol;Acc:HGNC:108]	-0.9344924	
BGN	biglycan [Source:HGNC Symbol;Acc:HGNC:1044]	-0.9393717	
MMP15	matrix metallopeptidase 15 [Source:HGNC Symbol;Acc:HGNC:7161]	-0.94039345	
NEDD4L	NEDD4 like E3 ubiquitin protein ligase [Source:HGNC Symbol;Acc:HGNC:7728]	-0.941359	
GRAMD1B	GRAM domain containing 1B [Source:HGNC Symbol;Acc:HGNC:29214]	-0.9435529	
AQP6	aquaporin 6 [Source:HGNC Symbol;Acc:HGNC:639]	-0.94625175	
AQP5	aquaporin 5 [Source:HGNC Symbol;Acc:HGNC:638]	-0.94625175	
AQP10	aquaporin 10 [Source:HGNC Symbol;Acc:HGNC:16029]	-0.94625175	
IL4I1	interleukin 4 induced 1 [Source:HGNC Symbol;Acc:HGNC:19094]	-0.94764555	
MAOB	monoamine oxidase B [Source:HGNC Symbol;Acc:HGNC:6834]	-0.94764555	
EHD3	EH domain containing 3 [Source:HGNC Symbol;Acc:HGNC:3244]	-0.9583851	
ABCF2	ATP binding cassette subfamily F member 2 [Source:HGNC Symbol;Acc:HGNC:71]	-0.95958126	
ABCC4	ATP binding cassette subfamily C member 4 [Source:HGNC Symbol;Acc:HGNC:55]	-0.9627095	
NAALAD2	N-acetylated alpha-linked acidic dipeptidase 2 [Source:HGNC Symbol;Acc:HGNC:14526]	-0.9649451	
ANKRD29	ankyrin repeat domain 29 [Source:HGNC Symbol;Acc:HGNC:27110]	-0.9709388	
CPTP	ceramide-1-phosphate transfer protein [Source:HGNC Symbol;Acc:HGNC:28116]	-0.97389	
GLTPD2	glycolipid transfer protein domain containing 2 [Source:HGNC Symbol;Acc:HGNC:33756]	-0.97389	
FGL2	fibrinogen like 2 [Source:HGNC Symbol;Acc:HGNC:3696]	-0.97616893	
BBOX1	gamma-butyrobetaine hydroxylase 1 [Source:HGNC Symbol;Acc:HGNC:964]	-0.97628456	
PRODH	proline dehydrogenase 1 [Source:HGNC Symbol;Acc:HGNC:9453]	-0.978616	
DBP	D-box binding PAR bZIP transcription factor [Source:HGNC Symbol;Acc:HGNC:2697]	-0.9797645	
ADRB2	adrenoceptor beta 2 [Source:HGNC Symbol;Acc:HGNC:286]	-0.98495287	
TOR3A	torsin family 3 member A [Source:HGNC Symbol;Acc:HGNC:11997]	-0.99323684	
GPCPD1	glycerophosphocholine phosphodiesterase 1 [Source:HGNC Symbol;Acc:HGNC:26957]	-1.001354	
GPR55	G protein-coupled receptor 55 [Source:HGNC Symbol;Acc:HGNC:4511]	-1.0116789	
SAXO2	stabilizer of axonemal microtubules 2 [Source:HGNC Symbol;Acc:HGNC:33727]	-1.0174592	
MGST1	microsomal glutathione S-transferase 1 [Source:HGNC Symbol;Acc:HGNC:7061]	-1.0199345	
RXRA	retinoid X receptor alpha [Source:HGNC Symbol;Acc:HGNC:10477]	-1.0215188	
UGT1A10	UDP glucuronosyltransferase family 1 member A10 [Source:HGNC Symbol;Acc:HGNC:12531]	-1.0228999	
UGT2B10	UDP glucuronosyltransferase family 2 member B10 [Source:HGNC Symbol;Acc:HGNC:12544]	-1.0228999	
UGT2B11	UDP glucuronosyltransferase family 2 member B11 [Source:HGNC Symbol;Acc:HGNC:12545]	-1.0228999	
UGT2B15	UDP glucuronosyltransferase family 2 member B15 [Source:HGNC Symbol;Acc:HGNC:12546]	-1.0228999	
UGT2B17	UDP glucuronosyltransferase family 2 member B17 [Source:HGNC Symbol;Acc:HGNC:12547]	-1.0228999	
UGT2A3	UDP glucuronosyltransferase family 2 member A3 [Source:HGNC Symbol;Acc:HGNC:28528]	-1.0228999	
UGT2A2	UDP glucuronosyltransferase family 2 member A2 [Source:HGNC Symbol;Acc:HGNC:28183]	-1.0228999	
UGT2A1	UDP glucuronosyltransferase family 2 member A1 complex locus [Source:HGNC Symbol;Acc:HGNC:12542]	-1.0228999	
UGT2B4	UDP glucuronosyltransferase family 2 member B4 [Source:HGNC Symbol;Acc:HGNC:12553]	-1.0228999	
UGT2B7	UDP glucuronosyltransferase family 2 member B7 [Source:HGNC Symbol;Acc:HGNC:12554]	-1.0228999	
UGT2B28	UDP glucuronosyltransferase family 2 member B28 [Source:HGNC Symbol;Acc:HGNC:13479]	-1.0228999	
UGT3A1	UDP glycosyltransferase family 3 member A1 [Source:HGNC Symbol;Acc:HGNC:26625]	-1.0228999	
UGT1A5	UDP glucuronosyltransferase family 1 member A5 [Source:HGNC Symbol;Acc:HGNC:12537]	-1.0228999	
UGT1A4	UDP glucuronosyltransferase family 1 member A4 [Source:HGNC Symbol;Acc:HGNC:12536]	-1.0228999	
UGT1A3	UDP glucuronosyltransferase family 1 member A3 [Source:HGNC Symbol;Acc:HGNC:12535]	-1.0228999	
UGT1A9	UDP glucuronosyltransferase family 1 member A9 [Source:HGNC Symbol;Acc:HGNC:12541]	-1.0228999	
UGT1A8	UDP glucuronosyltransferase family 1 member A8 [Source:HGNC Symbol;Acc:HGNC:12540]	-1.0228999	
UGT1A7	UDP glucuronosyltransferase family 1 member A7 [Source:HGNC Symbol;Acc:HGNC:12539]	-1.0228999	
UGT1A6	UDP glucuronosyltransferase family 1 member A6 [Source:HGNC Symbol;Acc:HGNC:12538]	-1.0228999	
FAM110D	family with sequence similarity 110 member D [Source:HGNC Symbol;Acc:HGNC:25860]	-1.0248953	
ALDH3A2	aldehyde dehydrogenase 3 family member A2 [Source:HGNC Symbol;Acc:HGNC:403]	-1.0272207	
TBXAS1	thromboxane A synthase 1 [Source:HGNC Symbol;Acc:HGNC:11609]	-1.0295905	
FKBP5	FKBP prolyl isomerase 5 [Source:HGNC Symbol;Acc:HGNC:3721]	-1.0304321	
WSB2	WD repeat and SOCS box containing 2 [Source:HGNC Symbol;Acc:HGNC:19222]	-1.0390445	
ABCC12	ATP binding cassette subfamily C member 12 [Source:HGNC Symbol;Acc:HGNC:14640]	-1.0392705	
SLC22A7	solute carrier family 22 member 7 [Source:HGNC Symbol;Acc:HGNC:10971]	-1.0415915	
GRB14	growth factor receptor bound protein 14 [Source:HGNC Symbol;Acc:HGNC:4565]	-1.0439951	
CD36	CD36 molecule [Source:HGNC Symbol;Acc:HGNC:1663]	-1.0449066	
ADGRL2	adhesion G protein-coupled receptor L2 [Source:HGNC Symbol;Acc:HGNC:18582]	-1.0467778	
BCL11A	BAF chromatin remodeling complex subunit BCL11A [Source:HGNC Symbol;Acc:HGNC:13221]	-1.057569	
NR1D2	nuclear receptor subfamily 1 group D member 2 [Source:HGNC Symbol;Acc:HGNC:7963]	-1.059085	
CCR7	C-C motif chemokine receptor 7 [Source:HGNC Symbol;Acc:HGNC:1608]	-1.0626664	
ALLC	allantoicase [Source:HGNC Symbol;Acc:HGNC:17377]	-1.0746671	
SMPDL3B	sphingomyelin phosphodiesterase acid like 3B [Source:HGNC Symbol;Acc:HGNC:21416]	-1.0751141	
PDE4A	phosphodiesterase 4A [Source:HGNC Symbol;Acc:HGNC:8780]	-1.0752003	
EPAS1	endothelial PAS domain protein 1 [Source:HGNC Symbol;Acc:HGNC:3374]	-1.0776178	
MAT1A	methionine adenosyltransferase 1A [Source:HGNC Symbol;Acc:HGNC:6903]	-1.0901302	
GGT5	gamma-glutamyltransferase 5 [Source:HGNC Symbol;Acc:HGNC:4260]	-1.091433	
KHK	ketohexokinase [Source:HGNC Symbol;Acc:HGNC:6315]	-1.0917501	
METTL7A	methyltransferase like 7A [Source:HGNC Symbol;Acc:HGNC:24550]	-1.1023005	
SLC48A1	solute carrier family 48 member 1 [Source:HGNC Symbol;Acc:HGNC:26035]	-1.1101792	
SLCO2A1	solute carrier organic anion transporter family member 2A1 [Source:HGNC Symbol;Acc:HGNC:10955]	-1.1141431	
ZBTB16	zinc finger and BTB domain containing 16 [Source:HGNC Symbol;Acc:HGNC:12930]	-1.1161665	
ARID3C	AT-rich interaction domain 3C [Source:HGNC Symbol;Acc:HGNC:21209]	-1.1178269	
TREH	trehalase [Source:HGNC Symbol;Acc:HGNC:12266]	-1.1240114	
STK35	serine/threonine kinase 35 [Source:HGNC Symbol;Acc:HGNC:16254]	-1.129515	
DPYD	dihydropyrimidine dehydrogenase [Source:HGNC Symbol;Acc:HGNC:3012]	-1.138903	
DDIT4	DNA damage inducible transcript 4 [Source:HGNC Symbol;Acc:HGNC:24944]	-1.1406782	
KLF6	Kruppel like factor 6 [Source:HGNC Symbol;Acc:HGNC:2235]	-1.1425654	
ATP13A3	ATPase 13A3 [Source:HGNC Symbol;Acc:HGNC:24113]	-1.1435988	
CLIP1	CAP-Gly domain containing linker protein 1 [Source:HGNC Symbol;Acc:HGNC:10461]	-1.1572329	
GDAP1	ganglioside induced differentiation associated protein 1 [Source:HGNC Symbol;Acc:HGNC:15968]	-1.1572336	
CDR2	cerebellar degeneration related protein 2 [Source:HGNC Symbol;Acc:HGNC:1799]	-1.1576109	
ABHD2	abhydrolase domain containing 2, acylglycerol lipase [Source:HGNC Symbol;Acc:HGNC:18717]	-1.1585938	
TSKU	tsukushi, small leucine rich proteoglycan [Source:HGNC Symbol;Acc:HGNC:28850]	-1.1613858	
PCK2	phosphoenolpyruvate carboxykinase 2, mitochondrial [Source:HGNC Symbol;Acc:HGNC:8725]	-1.1613964	
TMEM187	transmembrane protein 187 [Source:HGNC Symbol;Acc:HGNC:13705]	-1.1614127	
GLS	glutaminase [Source:HGNC Symbol;Acc:HGNC:4331]	-1.1657146	
SLC22A2	solute carrier family 22 member 2 [Source:HGNC Symbol;Acc:HGNC:10966]	-1.1710523	
LOXL3	lysyl oxidase like 3 [Source:HGNC Symbol;Acc:HGNC:13869]	-1.1739923	
TP53INP1	tumor protein p53 inducible nuclear protein 1 [Source:HGNC Symbol;Acc:HGNC:18022]	-1.1741312	
APOL5	apolipoprotein L5 [Source:HGNC Symbol;Acc:HGNC:14869]	-1.1836799	
APOL4	apolipoprotein L4 [Source:HGNC Symbol;Acc:HGNC:14867]	-1.1836799	
APOL6	apolipoprotein L6 [Source:HGNC Symbol;Acc:HGNC:14870]	-1.1836799	
APOL1	apolipoprotein L1 [Source:HGNC Symbol;Acc:HGNC:618]	-1.1836799	
APOL3	apolipoprotein L3 [Source:HGNC Symbol;Acc:HGNC:14868]	-1.1836799	
APOL2	apolipoprotein L2 [Source:HGNC Symbol;Acc:HGNC:619]	-1.1836799	
SLC16A6	solute carrier family 16 member 6 [Source:HGNC Symbol;Acc:HGNC:10927]	-1.1864116	
RAB11FIP1	RAB11 family interacting protein 1 [Source:HGNC Symbol;Acc:HGNC:30265]	-1.1875144	
SLC6A4	solute carrier family 6 member 4 [Source:HGNC Symbol;Acc:HGNC:11050]	-1.1891742	
ZAN	zonadhesin [Source:HGNC Symbol;Acc:HGNC:12857]	-1.1960787	
PCDH9	protocadherin 9 [Source:HGNC Symbol;Acc:HGNC:8661]	-1.2125219	
GLDC	glycine decarboxylase [Source:HGNC Symbol;Acc:HGNC:4313]	-1.2335737	
OAT	ornithine aminotransferase [Source:HGNC Symbol;Acc:HGNC:8091]	-1.2399459	
ST6GAL2	ST6 beta-galactoside alpha-2,6-sialyltransferase 2 [Source:HGNC Symbol;Acc:HGNC:10861]	-1.2404854	
ABHD12B	abhydrolase domain containing 12B [Source:HGNC Symbol;Acc:HGNC:19837]	-1.2508457	
ABI3BP	ABI family member 3 binding protein [Source:HGNC Symbol;Acc:HGNC:17265]	-1.2556363	
SLC11A2	solute carrier family 11 member 2 [Source:HGNC Symbol;Acc:HGNC:10908]	-1.2615654	
CPO	carboxypeptidase O [Source:HGNC Symbol;Acc:HGNC:21011]	-1.262401	
BEST4	bestrophin 4 [Source:HGNC Symbol;Acc:HGNC:17106]	-1.2667788	
SULT1A1	sulfotransferase family 1A member 1 [Source:HGNC Symbol;Acc:HGNC:11453]	-1.2697768	
SULT1A4	sulfotransferase family 1A member 4 [Source:HGNC Symbol;Acc:HGNC:30004]	-1.2697768	
SULT1A3	sulfotransferase family 1A member 3 [Source:HGNC Symbol;Acc:HGNC:11455]	-1.2697768	
SULT1A2	sulfotransferase family 1A member 2 [Source:HGNC Symbol;Acc:HGNC:11454]	-1.2697768	
SULT1E1	sulfotransferase family 1E member 1 [Source:HGNC Symbol;Acc:HGNC:11377]	-1.2697768	
SULT2A1	sulfotransferase family 2A member 1 [Source:HGNC Symbol;Acc:HGNC:11458]	-1.2697768	
SLC38A9	solute carrier family 38 member 9 [Source:HGNC Symbol;Acc:HGNC:26907]	-1.2728693	
SLC25A33	solute carrier family 25 member 33 [Source:HGNC Symbol;Acc:HGNC:29681]	-1.284745	
CRY1	cryptochrome circadian regulator 1 [Source:HGNC Symbol;Acc:HGNC:2384]	-1.2987556	
MEP1B	meprin A subunit beta [Source:HGNC Symbol;Acc:HGNC:7020]	-1.3121636	
SLC16A12	solute carrier family 16 member 12 [Source:HGNC Symbol;Acc:HGNC:23094]	-1.3128519	
CHKB	choline kinase beta [Source:HGNC Symbol;Acc:HGNC:1938]	-1.3128867	
PDK4	pyruvate dehydrogenase kinase 4 [Source:HGNC Symbol;Acc:HGNC:8812]	-1.3136739	
CLEC11A	C-type lectin domain containing 11A [Source:HGNC Symbol;Acc:HGNC:10576]	-1.3138835	
GCH1	GTP cyclohydrolase 1 [Source:HGNC Symbol;Acc:HGNC:4193]	-1.3182801	
CIPC	CLOCK interacting pacemaker [Source:HGNC Symbol;Acc:HGNC:20365]	-1.3531256	
HSD3B7	hydroxy-delta-5-steroid dehydrogenase, 3 beta- and steroid delta-isomerase 7 [Source:HGNC Symbol;Acc:HGNC:18324]	-1.3602922	
SLC38A3	solute carrier family 38 member 3 [Source:HGNC Symbol;Acc:HGNC:18044]	-1.3666372	
PFKFB2	6-phosphofructo-2-kinase/fructose-2,6-biphosphatase 2 [Source:HGNC Symbol;Acc:HGNC:8873]	-1.3722271	
PHYH	phytanoyl-CoA 2-hydroxylase [Source:HGNC Symbol;Acc:HGNC:8940]	-1.3724638	
SDSL	serine dehydratase like [Source:HGNC Symbol;Acc:HGNC:30404]	-1.3756794	
IRS2	insulin receptor substrate 2 [Source:HGNC Symbol;Acc:HGNC:6126]	-1.3775333	
SEC23B	SEC23 homolog B, COPII coat complex component [Source:HGNC Symbol;Acc:HGNC:10702]	-1.3804338	
PDK2	pyruvate dehydrogenase kinase 2 [Source:HGNC Symbol;Acc:HGNC:8810]	-1.3935941	
TPSAB1	tryptase alpha/beta 1 [Source:HGNC Symbol;Acc:HGNC:12019]	-1.3973322	
TPSG1	tryptase gamma 1 [Source:HGNC Symbol;Acc:HGNC:14134]	-1.3973322	
TPSD1	tryptase delta 1 [Source:HGNC Symbol;Acc:HGNC:14118]	-1.3973322	
TPSB2	tryptase beta 2 [Source:HGNC Symbol;Acc:HGNC:14120]	-1.3973322	
PRELID3B	PRELI domain containing 3B [Source:HGNC Symbol;Acc:HGNC:15892]	-1.4025644	
ANGPTL3	angiopoietin like 3 [Source:HGNC Symbol;Acc:HGNC:491]	-1.4060614	
SLC25A38	solute carrier family 25 member 38 [Source:HGNC Symbol;Acc:HGNC:26054]	-1.4081142	
CREB3L3	cAMP responsive element binding protein 3 like 3 [Source:HGNC Symbol;Acc:HGNC:18855]	-1.4082284	
ANO5	anoctamin 5 [Source:HGNC Symbol;Acc:HGNC:27337]	-1.4119097	
SLC40A1	solute carrier family 40 member 1 [Source:HGNC Symbol;Acc:HGNC:10909]	-1.4126822	
FBLIM1	filamin binding LIM protein 1 [Source:HGNC Symbol;Acc:HGNC:24686]	-1.416508	
LONRF1	LON peptidase N-terminal domain and ring finger 1 [Source:HGNC Symbol;Acc:HGNC:26302]	-1.4234817	
SLC16A9	solute carrier family 16 member 9 [Source:HGNC Symbol;Acc:HGNC:23520]	-1.4603801	
ADRA1A	adrenoceptor alpha 1A [Source:HGNC Symbol;Acc:HGNC:277]	-1.4621919	
PM20D1	peptidase M20 domain containing 1 [Source:HGNC Symbol;Acc:HGNC:26518]	-1.4629749	
SGPL1	sphingosine-1-phosphate lyase 1 [Source:HGNC Symbol;Acc:HGNC:10817]	-1.4712242	
SERPINB1	serpin family B member 1 [Source:HGNC Symbol;Acc:HGNC:3311]	-1.4715666	
NUDT4B	nudix hydrolase 4B [Source:HGNC Symbol;Acc:HGNC:18012]	-1.4739338	
NUDT4	nudix hydrolase 4 [Source:HGNC Symbol;Acc:HGNC:8051]	-1.4739338	
CYP7B1	cytochrome P450 family 7 subfamily B member 1 [Source:HGNC Symbol;Acc:HGNC:2652]	-1.4871347	
PPM1K	protein phosphatase, Mg2+/Mn2+ dependent 1K [Source:HGNC Symbol;Acc:HGNC:25415]	-1.501488	
MYLIP	myosin regulatory light chain interacting protein [Source:HGNC Symbol;Acc:HGNC:21155]	-1.5072368	
ENTPD8	ectonucleoside triphosphate diphosphohydrolase 8 [Source:HGNC Symbol;Acc:HGNC:24860]	-1.5135953	
ETNPPL	ethanolamine-phosphate phospho-lyase [Source:HGNC Symbol;Acc:HGNC:14404]	-1.517021	
IGF2BP3	insulin like growth factor 2 mRNA binding protein 3 [Source:HGNC Symbol;Acc:HGNC:28868]	-1.5313985	
HSD17B3	hydroxysteroid 17-beta dehydrogenase 3 [Source:HGNC Symbol;Acc:HGNC:5212]	-1.5338334	
PC	pyruvate carboxylase [Source:HGNC Symbol;Acc:HGNC:8636]	-1.545488	
DAO	D-amino acid oxidase [Source:HGNC Symbol;Acc:HGNC:2671]	-1.572161	
CRIP3	cysteine rich protein 3 [Source:HGNC Symbol;Acc:HGNC:17751]	-1.572669	
ANK3	ankyrin 3 [Source:HGNC Symbol;Acc:HGNC:494]	-1.5756663	
ARRDC3	arrestin domain containing 3 [Source:HGNC Symbol;Acc:HGNC:29263]	-1.5913332	
MELTF	melanotransferrin [Source:HGNC Symbol;Acc:HGNC:7037]	-1.5966551	
PAPSS2	3'-phosphoadenosine 5'-phosphosulfate synthase 2 [Source:HGNC Symbol;Acc:HGNC:8604]	-1.6280768	
XKR9	XK related 9 [Source:HGNC Symbol;Acc:HGNC:20937]	-1.6485946	
CNNM2	cyclin and CBS domain divalent metal cation transport mediator 2 [Source:HGNC Symbol;Acc:HGNC:103]	-1.6542717	
PCK1	phosphoenolpyruvate carboxykinase 1 [Source:HGNC Symbol;Acc:HGNC:8724]	-1.6592485	
PNP	purine nucleoside phosphorylase [Source:HGNC Symbol;Acc:HGNC:7892]	-1.6850973	
GATM	glycine amidinotransferase [Source:HGNC Symbol;Acc:HGNC:4175]	-1.7193023	
HSPB6	heat shock protein family B (small) member 6 [Source:HGNC Symbol;Acc:HGNC:26511]	-1.7260034	
NUGGC	nuclear GTPase, germinal center associated [Source:HGNC Symbol;Acc:HGNC:33550]	-1.7620261	
ASAH2B	N-acylsphingosine amidohydrolase 2B [Source:HGNC Symbol;Acc:HGNC:23456]	-1.7663171	
ASAH2	N-acylsphingosine amidohydrolase 2 [Source:HGNC Symbol;Acc:HGNC:18860]	-1.7663171	
AIFM3	apoptosis inducing factor mitochondria associated 3 [Source:HGNC Symbol;Acc:HGNC:26398]	-1.799893	
CYP4V2	cytochrome P450 family 4 subfamily V member 2 [Source:HGNC Symbol;Acc:HGNC:23198]	-1.8355347	
GLS2	glutaminase 2 [Source:HGNC Symbol;Acc:HGNC:29570]	-1.8687592	
ABCA1	ATP binding cassette subfamily A member 1 [Source:HGNC Symbol;Acc:HGNC:29]	-1.8782094	
PER1	period circadian regulator 1 [Source:HGNC Symbol;Acc:HGNC:8845]	-1.9244965	
CBS	cystathionine beta-synthase [Source:HGNC Symbol;Acc:HGNC:1550]	-1.933311	
ENPP7	ectonucleotide pyrophosphatase/phosphodiesterase 7 [Source:HGNC Symbol;Acc:HGNC:23764]	-1.9559288	
AGXT	alanine--glyoxylate and serine--pyruvate aminotransferase [Source:HGNC Symbol;Acc:HGNC:341]	-1.9679077	
SEPTIN3	septin 3 [Source:HGNC Symbol;Acc:HGNC:10750]	-1.9749649	
SLC26A6	solute carrier family 26 member 6 [Source:HGNC Symbol;Acc:HGNC:14472]	-1.98524	
TBL2	transducin beta like 2 [Source:HGNC Symbol;Acc:HGNC:11586]	-2.0319831	
SCCPDH	saccharopine dehydrogenase (putative) [Source:HGNC Symbol;Acc:HGNC:24275]	-2.0623004	
SLC38A4	solute carrier family 38 member 4 [Source:HGNC Symbol;Acc:HGNC:14679]	-2.0704634	
PIP5K1B	phosphatidylinositol-4-phosphate 5-kinase type 1 beta [Source:HGNC Symbol;Acc:HGNC:8995]	-2.0732176	
TDO2	tryptophan 2,3-dioxygenase [Source:HGNC Symbol;Acc:HGNC:11708]	-2.085214	
ARG2	arginase 2 [Source:HGNC Symbol;Acc:HGNC:664]	-2.097748	
LCT	lactase [Source:HGNC Symbol;Acc:HGNC:6530]	-2.1151385	
PER3	period circadian regulator 3 [Source:HGNC Symbol;Acc:HGNC:8847]	-2.6697655	
MAT2A	methionine adenosyltransferase 2A [Source:HGNC Symbol;Acc:HGNC:6904]	-2.7020268	
